global_id,timestamp,f1,f2,f3,f4,f5,class_0,class_1
35,1,-0.804822,0.084076,-0.394277,-0.372196,-0.317559,1,1
28,1,-0.889979,0.120289,-0.328896,-0.346229,-0.350454,1,1
9,1,-0.811807,0.178210,-0.265727,-0.322220,-0.269214,1,1
15,1,-0.676851,0.203293,-0.344175,-0.319916,-0.136577,1,1
39,1,-0.722158,0.200602,-0.380808,-0.254116,-0.351054,1,1
27,1,-0.799234,0.209819,-0.381940,-0.316098,-0.330659,1,1
6,1,-0.848486,0.221896,-0.246877,-0.323338,-0.221298,1,1
13,1,-0.813823,0.167314,-0.359046,-0.269002,-0.251030,1,1
23,1,-0.854792,0.149096,-0.368719,-0.264774,-0.307891,1,1
29,1,-0.802629,0.164001,-0.314032,-0.354926,-0.334904,1,1
25,1,-0.782248,0.104738,-0.394845,-0.384966,-0.212819,1,1
37,1,-0.786189,0.159147,-0.300740,-0.366245,-0.262787,1,1
30,1,-0.823927,0.060101,-0.371685,-0.230767,-0.343259,1,1
36,1,-0.757600,0.166585,-0.370723,-0.208250,-0.259002,1,1
24,1,-0.816325,0.164756,-0.377319,-0.251714,-0.192218,1,1
2,1,-0.848297,0.118658,-0.353589,-0.253293,-0.267169,1,1
11,1,-0.836532,0.180846,-0.236545,-0.217692,-0.373982,1,1
22,1,-0.838465,0.066506,-0.228609,-0.213982,-0.316210,1,1
38,1,-0.867872,0.075309,-0.352973,-0.332800,-0.251936,1,1
34,1,-0.846765,0.132905,-0.253500,-0.389045,-0.236761,1,1
3,1,-0.893302,0.204227,-0.243019,-0.304798,-0.280005,1,1
1,1,-0.839911,0.171341,-0.431346,-0.345134,-0.226967,1,1
0,1,-0.835648,0.259218,-0.315123,-0.227205,-0.236063,1,1
19,1,-0.816019,0.115696,-0.346208,-0.260328,-0.240768,1,1
8,1,-0.777746,0.210055,-0.267611,-0.318690,-0.243765,1,1
26,1,-0.763110,0.075151,-0.385616,-0.261525,-0.366762,1,1
32,1,-0.883228,0.142570,-0.266313,-0.293780,-0.278431,1,1
18,1,-0.820012,0.184428,-0.305904,-0.250630,-0.211250,1,1
33,1,-0.893849,0.171504,-0.273993,-0.276789,-0.216239,1,1
20,1,-0.768566,0.165623,-0.316436,-0.317667,-0.217047,1,1
7,1,-0.781432,0.197689,-0.258234,-0.369933,-0.235818,1,1
17,1,-0.865645,0.201405,-0.279880,-0.352850,-0.258951,1,1
31,1,-0.845719,0.212190,-0.311155,-0.333484,-0.279943,1,1
5,1,-0.773212,0.172512,-0.280318,-0.314275,-0.237690,1,1
21,1,-0.807937,0.035313,-0.322964,-0.284875,-0.260030,0,1
14,1,-0.846550,0.162679,-0.292085,-0.183592,-0.226589,1,1
10,1,-0.749679,0.196595,-0.282323,-0.241955,-0.217027,1,1
4,1,-0.864838,0.117686,-0.354783,-0.199765,-0.207985,1,1
12,1,-0.799545,0.072713,-0.336812,-0.286163,-0.240681,1,1
16,1,-0.798407,0.236314,-0.239714,-0.283986,-0.176758,1,1
41,2,-0.859523,0.157117,-0.352460,-0.331156,-0.251163,1,1
76,2,-0.776311,0.123637,-0.243506,-0.318486,-0.335390,1,1
67,2,-0.777826,0.108296,-0.427039,-0.261917,-0.224347,1,1
58,2,-0.871046,0.215704,-0.266650,-0.274571,-0.178026,1,1
71,2,-0.782462,0.210530,-0.322190,-0.293895,-0.290704,1,1
78,2,-0.801603,0.145725,-0.356276,-0.372021,-0.213928,1,1
63,2,-0.811720,0.150966,-0.349452,-0.348881,-0.325489,1,1
46,2,-0.777286,0.204592,-0.290598,-0.226702,-0.255606,1,1
59,2,-0.809679,0.301318,-0.428236,-0.306134,-0.198268,1,0
43,2,-0.765087,0.290923,-0.324882,-0.174528,-0.256459,1,0
73,2,-0.898603,0.117568,-0.338934,-0.256529,-0.288533,1,1
61,2,-0.855594,0.227023,-0.359201,-0.337801,-0.164765,1,1
44,2,-0.754438,0.197000,-0.322080,-0.313339,-0.260367,1,1
42,2,-0.816531,0.207497,-0.340680,-0.281340,-0.157559,1,1
65,2,-0.880054,0.191713,-0.295722,-0.392188,-0.170864,1,1
70,2,-0.815477,0.153816,-0.369267,-0.326320,-0.422162,1,1
47,2,-0.785002,0.172206,-0.316812,-0.249662,-0.248484,1,1
48,2,-0.784852,0.161267,-0.218090,-0.227632,-0.258482,1,1
51,2,-0.851084,0.184467,-0.317116,-0.208888,-0.327072,1,1
55,2,-0.834396,0.117235,-0.258409,-0.290056,-0.284696,1,1
54,2,-0.816281,0.185774,-0.284778,-0.247866,-0.168555,1,1
75,2,-0.774819,0.038586,-0.394333,-0.219274,-0.261643,0,1
66,2,-0.761104,0.035378,-0.349508,-0.310615,-0.259060,0,1
69,2,-0.838987,0.192003,-0.316412,-0.346427,-0.257373,1,1
77,2,-0.734961,0.175026,-0.338378,-0.322088,-0.291450,1,1
79,2,-0.854954,0.166185,-0.356688,-0.302933,-0.218755,1,1
62,2,-0.826556,0.199124,-0.397969,-0.317751,-0.342383,1,1
64,2,-0.807600,0.121591,-0.287034,-0.386603,-0.238898,1,1
68,2,-0.814731,0.106307,-0.361350,-0.319076,-0.257512,1,1
45,2,-0.684913,0.186163,-0.262940,-0.259234,-0.137544,1,1
72,2,-0.795273,0.239385,-0.257241,-0.304155,-0.182911,1,1
49,2,-0.910603,0.223381,-0.340318,-0.291593,-0.290583,1,1
57,2,-0.739605,0.225021,-0.312262,-0.304349,-0.334484,1,1
74,2,-0.661624,0.206017,-0.394092,-0.303395,-0.311967,1,1
56,2,-0.889582,0.162804,-0.254101,-0.261961,-0.312809,1,1
50,2,-0.864766,0.270104,-0.208457,-0.249683,-0.281775,1,1
52,2,-0.740747,0.148582,-0.305520,-0.347666,-0.216270,1,1
40,2,-0.758800,0.204646,-0.356857,-0.302005,-0.336660,1,1
53,2,-0.774116,0.236621,-0.250945,-0.308167,-0.172284,1,1
60,2,-0.845569,0.126699,-0.375574,-0.365381,-0.232570,1,1
110,3,-0.855597,0.219721,-0.332424,-0.244980,-0.260125,1,1
92,3,-0.719336,0.203011,-0.328323,-0.289882,-0.289844,1,1
114,3,-0.818845,0.146341,-0.259489,-0.353949,-0.319616,1,1
115,3,-0.713233,0.178383,-0.425106,-0.329797,-0.277074,1,1
103,3,-0.756593,0.163061,-0.325513,-0.314676,-0.268210,1,1
100,3,-0.825189,0.160987,-0.288452,-0.318172,-0.249865,1,1
89,3,-0.769560,0.159160,-0.225879,-0.172938,-0.248356,1,1
113,3,-0.767536,0.231260,-0.233804,-0.266287,-0.326421,1,1
119,3,-0.730204,0.240806,-0.304286,-0.290072,-0.285020,1,1
85,3,-0.704463,0.219541,-0.420310,-0.270122,-0.151557,1,1
104,3,-0.776451,0.114331,-0.255189,-0.370456,-0.262565,1,1
107,3,-0.710827,0.118378,-0.311237,-0.310944,-0.279494,1,1
95,3,-0.745826,0.251426,-0.341162,-0.237376,-0.200864,1,1
87,3,-0.755039,0.224399,-0.255965,-0.318878,-0.259055,1,1
99,3,-0.714156,0.275686,-0.343524,-0.293168,-0.315265,1,0
96,3,-0.794742,0.132084,-0.249525,-0.252492,-0.282480,1,1
111,3,-0.847556,0.173547,-0.339373,-0.172777,-0.338426,1,1
101,3,-0.865440,0.126323,-0.410814,-0.325563,-0.230035,1,1
81,3,-0.780151,0.185976,-0.345630,-0.223320,-0.243218,1,1
93,3,-0.793522,0.213373,-0.400813,-0.331283,-0.174177,1,1
97,3,-0.792066,0.166136,-0.222726,-0.290001,-0.237733,1,1
112,3,-0.851251,0.152434,-0.280675,-0.256829,-0.298718,1,1
98,3,-0.764252,0.228978,-0.285824,-0.177031,-0.272901,1,1
83,3,-0.779594,0.224633,-0.279386,-0.357174,-0.136788,1,1
80,3,-0.725821,0.181176,-0.268606,-0.203092,-0.176942,1,1
117,3,-0.766817,0.120847,-0.348817,-0.340897,-0.195178,1,1
90,3,-0.832209,0.236655,-0.308289,-0.323209,-0.238441,1,1
94,3,-0.818739,0.245389,-0.275869,-0.244808,-0.306313,1,1
116,3,-0.797125,0.188555,-0.221743,-0.301895,-0.212670,1,1
102,3,-0.800873,0.113179,-0.348885,-0.341592,-0.360692,1,1
105,3,-0.694621,0.104025,-0.340267,-0.266662,-0.294724,1,1
82,3,-0.718244,0.292481,-0.285576,-0.301677,-0.284127,1,0
88,3,-0.845507,0.142759,-0.336071,-0.162394,-0.194047,1,1
84,3,-0.835689,0.178625,-0.158503,-0.311728,-0.315710,1,1
109,3,-0.841309,0.230888,-0.216779,-0.282051,-0.173584,1,1
106,3,-0.813210,0.221590,-0.301793,-0.302309,-0.224992,1,1
86,3,-0.846342,0.113165,-0.321449,-0.243455,-0.275174,1,1
108,3,-0.804584,0.137493,-0.309343,-0.273301,-0.251408,1,1
91,3,-0.799012,0.230711,-0.265101,-0.264004,-0.200637,1,1
118,3,-0.776942,0.204529,-0.344989,-0.255266,-0.279912,1,1
149,4,-0.723535,0.172598,-0.383754,-0.204065,-0.229963,1,1
143,4,-0.798287,0.168943,-0.268338,-0.271019,-0.302606,1,1
151,4,-0.783669,0.112740,-0.276708,-0.355973,-0.364561,1,1
148,4,-0.773351,0.114123,-0.320666,-0.235083,-0.207962,1,1
159,4,-0.750522,0.105014,-0.327409,-0.258352,-0.361398,1,1
136,4,-0.768747,0.176692,-0.304025,-0.216025,-0.268288,1,1
128,4,-0.787759,0.143131,-0.299097,-0.271994,-0.252417,1,1
146,4,-0.813124,0.096675,-0.298651,-0.263199,-0.229788,1,1
129,4,-0.760063,0.224477,-0.253634,-0.168813,-0.264029,1,1
124,4,-0.821957,0.202546,-0.240629,-0.236270,-0.190109,1,1
120,4,-0.784961,0.138177,-0.349068,-0.243137,-0.163817,1,1
122,4,-0.806252,0.216613,-0.264122,-0.188173,-0.219104,1,1
141,4,-0.795213,0.158135,-0.347335,-0.225096,-0.223437,1,1
147,4,-0.745887,0.127855,-0.284650,-0.270993,-0.323870,1,1
127,4,-0.691299,0.183707,-0.242356,-0.280421,-0.179557,1,1
156,4,-0.744777,0.091678,-0.252301,-0.343826,-0.328516,1,1
158,4,-0.776172,0.088925,-0.396781,-0.280140,-0.219535,1,1
150,4,-0.810618,0.166698,-0.225940,-0.292706,-0.291340,1,1
121,4,-0.770659,0.242963,-0.258140,-0.258462,-0.218217,1,1
125,4,-0.769985,0.206592,-0.327259,-0.216272,-0.259155,1,1
135,4,-0.748750,0.225894,-0.312337,-0.327183,-0.215410,1,1
140,4,-0.758470,0.179207,-0.334335,-0.307547,-0.297642,1,1
154,4,-0.769807,0.075495,-0.285440,-0.372814,-0.325052,1,1
133,4,-0.732017,0.134303,-0.275964,-0.299217,-0.309229,1,1
157,4,-0.787480,0.154136,-0.365661,-0.336199,-0.376116,1,1
132,4,-0.661512,0.206377,-0.254807,-0.291452,-0.211069,1,1
152,4,-0.721355,0.068388,-0.249137,-0.342853,-0.323156,1,1
155,4,-0.798346,0.142858,-0.375128,-0.323448,-0.371244,1,1
138,4,-0.775026,0.261677,-0.271524,-0.323240,-0.191951,1,1
142,4,-0.743535,0.141448,-0.283873,-0.386886,-0.236021,1,1
137,4,-0.870803,0.329609,-0.244561,-0.245553,-0.216962,1,0
153,4,-0.773254,0.098406,-0.325926,-0.275768,-0.211005,1,1
131,4,-0.831285,0.241888,-0.296321,-0.129776,-0.296210,1,1
123,4,-0.777069,0.191881,-0.276230,-0.163914,-0.222862,1,1
134,4,-0.902753,0.222189,-0.208772,-0.229432,-0.273891,1,1
130,4,-0.763048,0.200298,-0.277525,-0.201981,-0.240414,1,1
139,4,-0.782203,0.226991,-0.274606,-0.217716,-0.291289,1,1
144,4,-0.730545,0.106244,-0.323787,-0.284396,-0.209256,1,1
126,4,-0.845728,0.167790,-0.319229,-0.238385,-0.187861,1,1
145,4,-0.897189,0.129814,-0.439064,-0.258478,-0.252394,1,1
188,5,-0.742522,0.149698,-0.338183,-0.336424,-0.276014,1,1
163,5,-0.758646,0.195989,-0.217000,-0.209002,-0.294087,1,1
164,5,-0.689901,0.146845,-0.271853,-0.193252,-0.205081,1,1
167,5,-0.684008,0.245320,-0.255391,-0.142640,-0.164683,1,1
183,5,-0.823103,0.173653,-0.450915,-0.316959,-0.303581,1,1
191,5,-0.739152,0.213127,-0.180298,-0.322833,-0.219339,1,1
181,5,-0.727349,0.245455,-0.345567,-0.308205,-0.285457,1,1
161,5,-0.776946,0.126785,-0.283467,-0.369689,-0.204010,1,1
171,5,-0.736254,0.209708,-0.336796,-0.232295,-0.196957,1,1
182,5,-0.707385,0.129943,-0.244565,-0.324885,-0.369994,1,1
186,5,-0.825261,0.117774,-0.238460,-0.291463,-0.333237,1,1
180,5,-0.812470,0.162741,-0.285541,-0.338413,-0.240865,1,1
193,5,-0.805822,0.109331,-0.393368,-0.210102,-0.262136,1,1
174,5,-0.823982,0.217341,-0.221749,-0.175135,-0.231727,1,1
168,5,-0.777210,0.299827,-0.349934,-0.232524,-0.230077,1,0
175,5,-0.694569,0.218838,-0.237925,-0.292408,-0.196478,1,1
179,5,-0.784157,0.268143,-0.331773,-0.298592,-0.219508,1,1
192,5,-0.799857,0.083984,-0.353294,-0.265696,-0.287234,1,1
170,5,-0.777251,0.263305,-0.304209,-0.260529,-0.269230,1,1
176,5,-0.752066,0.275444,-0.282868,-0.185353,-0.141396,1,1
160,5,-0.726219,0.172492,-0.268990,-0.282670,-0.349743,1,1
172,5,-0.728195,0.226580,-0.310364,-0.251443,-0.190208,1,1
173,5,-0.723379,0.188298,-0.297472,-0.258798,-0.193755,1,1
162,5,-0.715970,0.152313,-0.295279,-0.259943,-0.248950,1,1
189,5,-0.682407,0.183102,-0.243256,-0.318282,-0.214953,1,1
177,5,-0.752344,0.272569,-0.346062,-0.257113,-0.268524,1,1
166,5,-0.744701,0.270718,-0.276105,-0.242490,-0.196286,1,1
190,5,-0.811366,0.148030,-0.271467,-0.336345,-0.205061,1,1
197,5,-0.727450,0.241862,-0.350248,-0.338540,-0.214058,1,1
184,5,-0.826313,0.170828,-0.263336,-0.300839,-0.317079,1,1
199,5,-0.721165,0.128423,-0.231035,-0.326317,-0.258295,1,1
165,5,-0.801439,0.179797,-0.296495,-0.266753,-0.218685,1,1
187,5,-0.799192,0.121027,-0.338308,-0.270433,-0.183340,1,1
178,5,-0.770630,0.313877,-0.268742,-0.228408,-0.220142,1,0
195,5,-0.762111,0.164557,-0.339625,-0.261569,-0.260751,1,1
194,5,-0.880036,0.193977,-0.382478,-0.274228,-0.267062,1,1
169,5,-0.719916,0.178255,-0.244806,-0.207276,-0.327436,1,1
196,5,-0.865086,0.149221,-0.295576,-0.300205,-0.332341,1,1
185,5,-0.744498,0.201725,-0.350080,-0.312295,-0.175810,1,1
198,5,-0.723930,0.099693,-0.314298,-0.267579,-0.225558,1,1
200,6,-0.793710,0.151924,-0.197777,-0.235972,-0.234276,1,1
214,6,-0.787301,0.228366,-0.261409,-0.229308,-0.239000,1,1
216,6,-0.752487,0.185742,-0.333633,-0.165850,-0.161801,1,1
239,6,-0.692289,0.224115,-0.323806,-0.272163,-0.263737,1,1
230,6,-0.787842,0.227591,-0.340846,-0.189127,-0.305943,1,1
202,6,-0.721230,0.122691,-0.210666,-0.302039,-0.164985,1,1
236,6,-0.878198,0.190197,-0.350729,-0.273647,-0.288140,1,1
217,6,-0.737292,0.250987,-0.236854,-0.165153,-0.197238,1,1
224,6,-0.861002,0.204761,-0.355165,-0.270497,-0.276165,1,1
213,6,-0.773670,0.217019,-0.298319,-0.262170,-0.141823,1,1
223,6,-0.785917,0.084503,-0.299021,-0.253469,-0.340324,1,1
226,6,-0.756438,0.130087,-0.233150,-0.275810,-0.274617,1,1
209,6,-0.737782,0.202275,-0.286798,-0.212407,-0.209470,1,1
212,6,-0.726648,0.201026,-0.306203,-0.260085,-0.274939,1,1
205,6,-0.759937,0.252901,-0.322984,-0.282131,-0.182763,1,1
233,6,-0.741001,0.244026,-0.268143,-0.278219,-0.262434,1,1
203,6,-0.770581,0.141854,-0.219019,-0.121604,-0.309183,1,1
204,6,-0.737157,0.259012,-0.283526,-0.356871,-0.174641,1,1
228,6,-0.837300,0.105485,-0.270375,-0.298697,-0.329609,1,1
221,6,-0.779856,0.150696,-0.299564,-0.294911,-0.340606,1,1
207,6,-0.727273,0.255258,-0.271609,-0.351701,-0.202624,1,1
222,6,-0.819086,0.118300,-0.280871,-0.251254,-0.267892,1,1
232,6,-0.687400,0.155613,-0.292043,-0.290605,-0.248590,1,1
219,6,-0.670968,0.235799,-0.299904,-0.240548,-0.198974,1,1
237,6,-0.837324,0.129047,-0.275914,-0.299266,-0.231212,1,1
227,6,-0.662813,0.087696,-0.312503,-0.177397,-0.319215,1,1
234,6,-0.753603,0.125610,-0.377382,-0.210826,-0.213802,1,1
238,6,-0.698874,0.221137,-0.331920,-0.235238,-0.254916,1,1
220,6,-0.719342,0.174018,-0.262566,-0.306929,-0.297378,1,1
215,6,-0.700678,0.199207,-0.306837,-0.349942,-0.141039,1,1
208,6,-0.811653,0.217106,-0.187077,-0.229730,-0.235159,1,1
211,6,-0.746507,0.176020,-0.235178,-0.363432,-0.209401,1,1
235,6,-0.782917,0.127967,-0.387351,-0.327282,-0.290378,1,1
231,6,-0.691738,0.192685,-0.325474,-0.219393,-0.243454,1,1
201,6,-0.714267,0.221779,-0.250400,-0.303164,-0.213571,1,1
229,6,-0.729285,0.192550,-0.341936,-0.218373,-0.302405,1,1
218,6,-0.776075,0.251876,-0.319197,-0.294688,-0.291801,1,1
206,6,-0.746771,0.263102,-0.317171,-0.242322,-0.285206,1,1
210,6,-0.736639,0.256739,-0.323341,-0.204810,-0.135471,1,1
225,6,-0.805842,0.170873,-0.221189,-0.277841,-0.210619,1,1
264,7,-0.699420,0.080745,-0.362693,-0.288745,-0.240284,1,1
254,7,-0.745487,0.255718,-0.251183,-0.243561,-0.310702,1,1
256,7,-0.708410,0.179114,-0.164273,-0.276305,-0.221421,1,1
244,7,-0.696257,0.141602,-0.299401,-0.203527,-0.199138,1,1
258,7,-0.701264,0.236836,-0.194389,-0.227427,-0.281944,1,1
243,7,-0.752341,0.218124,-0.245246,-0.158762,-0.210888,1,1
242,7,-0.633032,0.266162,-0.228077,-0.263995,-0.226346,1,0
245,7,-0.767305,0.226752,-0.292075,-0.212413,-0.291528,1,1
260,7,-0.708915,0.247536,-0.385117,-0.330499,-0.237907,1,1
261,7,-0.760794,0.238407,-0.296245,-0.188130,-0.344272,1,1
252,7,-0.750895,0.128006,-0.306317,-0.289889,-0.167515,1,1
257,7,-0.745009,0.217419,-0.277475,-0.242923,-0.279056,1,1
269,7,-0.765090,0.143415,-0.252222,-0.307347,-0.294301,1,1
246,7,-0.798122,0.147510,-0.259023,-0.236752,-0.255151,1,1
271,7,-0.738510,0.054983,-0.298345,-0.364574,-0.352048,0,1
247,7,-0.727198,0.159598,-0.249413,-0.195272,-0.193274,1,1
265,7,-0.700669,0.028630,-0.383672,-0.294408,-0.254710,0,1
248,7,-0.726611,0.249992,-0.330054,-0.226183,-0.236276,1,1
268,7,-0.774403,0.107499,-0.241673,-0.264072,-0.284251,1,1
250,7,-0.609089,0.200545,-0.316875,-0.169711,-0.185982,1,0
275,7,-0.751604,0.045358,-0.387548,-0.355166,-0.211625,0,1
270,7,-0.802877,0.152602,-0.435782,-0.278836,-0.298997,1,1
263,7,-0.669529,0.195312,-0.392644,-0.255717,-0.219198,1,1
277,7,-0.687885,0.170767,-0.281775,-0.201409,-0.213203,1,1
267,7,-0.782510,0.173918,-0.256261,-0.287832,-0.347615,1,1
251,7,-0.754259,0.213351,-0.295525,-0.135615,-0.213525,1,1
278,7,-0.742744,0.183055,-0.327316,-0.322544,-0.283137,1,1
262,7,-0.622431,0.221213,-0.279084,-0.321713,-0.256790,1,1
276,7,-0.814927,0.185414,-0.324115,-0.200647,-0.240290,1,1
274,7,-0.817817,0.106935,-0.321735,-0.253190,-0.246849,1,1
259,7,-0.653943,0.181307,-0.241673,-0.106933,-0.117188,1,1
266,7,-0.794785,0.090595,-0.236471,-0.250511,-0.283320,1,1
255,7,-0.710662,0.186207,-0.170670,-0.291042,-0.256240,1,1
279,7,-0.721396,0.209704,-0.218874,-0.190486,-0.238149,1,1
241,7,-0.664138,0.202625,-0.217871,-0.213495,-0.171473,1,1
249,7,-0.748555,0.270958,-0.328869,-0.273680,-0.145362,1,1
273,7,-0.769106,0.175966,-0.340465,-0.258346,-0.325316,1,1
240,7,-0.667633,0.195880,-0.236815,-0.258385,-0.103895,1,1
253,7,-0.745747,0.197018,-0.315291,-0.284899,-0.174074,1,1
272,7,-0.782671,0.177562,-0.304230,-0.207134,-0.300218,1,1
295,8,-0.693338,0.350202,-0.233580,-0.205295,-0.206997,1,0
311,8,-0.850334,0.118854,-0.304375,-0.248782,-0.210625,0,1
303,8,-0.790122,0.125564,-0.305482,-0.320572,-0.188665,1,1
283,8,-0.686106,0.174884,-0.289992,-0.202194,-0.269188,1,1
282,8,-0.691572,0.223497,-0.271732,-0.259453,-0.178397,1,1
284,8,-0.635031,0.140471,-0.282291,-0.350012,-0.212049,1,1
318,8,-0.675192,0.071683,-0.252191,-0.293671,-0.317028,1,1
298,8,-0.640329,0.261193,-0.239228,-0.183385,-0.258314,1,0
306,8,-0.761113,0.103403,-0.317574,-0.158362,-0.262784,1,1
301,8,-0.779912,0.164813,-0.374442,-0.238687,-0.221637,1,1
290,8,-0.732354,0.206707,-0.262627,-0.230126,-0.242781,1,1
297,8,-0.825266,0.202237,-0.286228,-0.211373,-0.272842,1,1
299,8,-0.613853,0.211989,-0.158714,-0.222454,-0.318716,1,0
314,8,-0.752375,0.175332,-0.353273,-0.319858,-0.174312,1,1
316,8,-0.788950,0.261082,-0.270632,-0.241553,-0.267967,1,1
310,8,-0.777925,0.132884,-0.266438,-0.282372,-0.207288,1,1
309,8,-0.798860,0.219517,-0.297770,-0.271101,-0.290729,1,1
294,8,-0.706482,0.193196,-0.230188,-0.236683,-0.169359,1,1
285,8,-0.659592,0.193950,-0.210768,-0.228990,-0.079509,1,1
319,8,-0.816059,0.121537,-0.355031,-0.345414,-0.323300,1,1
291,8,-0.697794,0.280121,-0.247192,-0.226895,-0.153553,1,1
302,8,-0.620210,0.100130,-0.279236,-0.195362,-0.238612,1,1
300,8,-0.631174,0.202308,-0.306839,-0.327961,-0.344444,1,1
305,8,-0.651025,0.089491,-0.296114,-0.247295,-0.240648,1,1
317,8,-0.720600,0.198562,-0.220547,-0.155370,-0.237461,1,1
287,8,-0.705994,0.185808,-0.213555,-0.149665,-0.137041,1,1
293,8,-0.636553,0.161322,-0.224310,-0.207663,-0.112395,1,1
308,8,-0.787990,0.106393,-0.253023,-0.260440,-0.333023,1,1
281,8,-0.727382,0.274724,-0.224331,-0.235662,-0.209565,1,1
289,8,-0.650950,0.182483,-0.264528,-0.194516,-0.211561,1,1
313,8,-0.736656,0.227156,-0.314107,-0.282749,-0.318189,1,1
315,8,-0.691787,0.108856,-0.361843,-0.316130,-0.260058,1,1
312,8,-0.601339,0.142983,-0.272611,-0.377542,-0.210994,1,1
296,8,-0.716215,0.177434,-0.243437,-0.179806,-0.173581,1,1
307,8,-0.633877,0.197089,-0.230354,-0.247681,-0.294713,1,1
304,8,-0.737219,0.108896,-0.301524,-0.241534,-0.360311,1,1
286,8,-0.695509,0.254169,-0.228758,-0.291668,-0.216771,1,1
292,8,-0.732444,0.191535,-0.184675,-0.149046,-0.172616,1,1
288,8,-0.796972,0.244952,-0.285755,-0.200215,-0.243445,1,1
280,8,-0.774623,0.237588,-0.159231,-0.171496,-0.247388,1,1
326,9,-0.560487,0.145787,-0.202077,-0.118468,-0.256229,1,0
342,9,-0.844285,0.153051,-0.207413,-0.300021,-0.234426,0,1
334,9,-0.689863,0.226753,-0.253104,-0.247475,-0.227857,1,1
337,9,-0.723689,0.143592,-0.188154,-0.250699,-0.297177,1,1
320,9,-0.718210,0.184749,-0.201198,-0.256210,-0.173321,1,1
339,9,-0.614383,0.219246,-0.234529,-0.181552,-0.231966,1,0
321,9,-0.705000,0.225104,-0.226647,-0.203907,-0.134620,1,1
353,9,-0.813464,0.116078,-0.296645,-0.318572,-0.226778,0,1
358,9,-0.722417,0.090523,-0.297482,-0.352941,-0.318609,1,1
355,9,-0.785409,0.186189,-0.350689,-0.303904,-0.332812,1,1
327,9,-0.722786,0.228207,-0.258970,-0.186274,-0.171739,1,1
349,9,-0.678779,0.114399,-0.258150,-0.342135,-0.266174,1,1
356,9,-0.765349,0.042461,-0.309441,-0.158736,-0.207106,0,1
328,9,-0.671886,0.186052,-0.270600,-0.292637,-0.236883,1,1
347,9,-0.812873,0.135924,-0.268778,-0.366945,-0.231439,1,1
322,9,-0.686297,0.158925,-0.296056,-0.296422,-0.186758,1,1
345,9,-0.741467,0.117955,-0.342879,-0.401976,-0.231142,1,1
336,9,-0.773333,0.213741,-0.288308,-0.268491,-0.139217,1,1
329,9,-0.633889,0.200202,-0.265790,-0.211803,-0.145542,1,1
331,9,-0.739100,0.193398,-0.271068,-0.147254,-0.127816,1,1
340,9,-0.761771,0.253714,-0.349274,-0.232486,-0.229884,1,1
357,9,-0.701006,0.210539,-0.348689,-0.303672,-0.195327,1,1
332,9,-0.569236,0.164526,-0.205089,-0.141689,-0.172764,1,0
323,9,-0.693786,0.262951,-0.257610,-0.261802,-0.146648,1,1
325,9,-0.749121,0.150159,-0.285330,-0.264075,-0.165959,1,1
344,9,-0.696849,0.249469,-0.189130,-0.347895,-0.230955,1,1
333,9,-0.714132,0.291736,-0.261078,-0.216347,-0.205522,1,0
330,9,-0.665677,0.172492,-0.294712,-0.251084,-0.270290,1,1
324,9,-0.679049,0.156474,-0.294443,-0.259101,-0.094804,1,1
350,9,-0.794186,0.162271,-0.263199,-0.272571,-0.304344,1,1
354,9,-0.772101,0.137323,-0.249653,-0.285293,-0.255859,1,1
343,9,-0.767727,0.167814,-0.225076,-0.393829,-0.185494,1,1
338,9,-0.705861,0.257826,-0.314934,-0.241910,-0.186121,1,1
351,9,-0.715355,0.147716,-0.277252,-0.305701,-0.208286,1,1
346,9,-0.749914,0.155698,-0.220141,-0.324927,-0.220670,1,1
335,9,-0.615829,0.165314,-0.281364,-0.134047,-0.168884,1,1
348,9,-0.760561,0.152609,-0.335622,-0.340434,-0.270491,1,1
341,9,-0.846464,0.187191,-0.282587,-0.325657,-0.264021,0,1
359,9,-0.720099,0.124428,-0.202689,-0.318284,-0.336434,1,1
352,9,-0.769842,0.155947,-0.203884,-0.284732,-0.319288,1,1
388,10,-0.744577,0.184756,-0.311087,-0.288620,-0.230176,1,1
399,10,-0.707105,0.159163,-0.324710,-0.367384,-0.230532,1,1
384,10,-0.585168,0.249708,-0.325393,-0.251469,-0.142992,1,1
372,10,-0.655581,0.214031,-0.250160,-0.234413,-0.240236,1,1
396,10,-0.685842,0.094434,-0.300831,-0.227030,-0.224980,1,1
365,10,-0.686985,0.200321,-0.220928,-0.225125,-0.231481,1,1
369,10,-0.702959,0.227425,-0.230978,-0.283786,-0.205689,1,1
376,10,-0.650666,0.234091,-0.281026,-0.251420,-0.170585,1,1
391,10,-0.805444,0.107038,-0.351969,-0.296709,-0.279611,0,1
360,10,-0.652856,0.253747,-0.261416,-0.173462,-0.108394,1,1
380,10,-0.673396,0.081978,-0.247496,-0.355374,-0.260599,1,1
392,10,-0.734875,0.173913,-0.309063,-0.247193,-0.225020,1,1
363,10,-0.620593,0.161257,-0.240092,-0.231734,-0.136814,1,1
361,10,-0.699310,0.196033,-0.277288,-0.273228,-0.188892,1,1
362,10,-0.740835,0.149833,-0.127251,-0.200716,-0.137642,1,1
387,10,-0.815236,0.118518,-0.272556,-0.267132,-0.251243,0,1
371,10,-0.723045,0.174835,-0.231932,-0.203480,-0.158537,1,1
397,10,-0.737742,0.198740,-0.289660,-0.215926,-0.325149,1,1
375,10,-0.753582,0.237641,-0.245599,-0.202268,-0.123075,1,1
374,10,-0.615063,0.215278,-0.246420,-0.225224,-0.223875,1,1
381,10,-0.781048,0.198618,-0.260537,-0.261478,-0.204412,1,1
368,10,-0.653624,0.212757,-0.244590,-0.228960,-0.226934,1,1
382,10,-0.780761,0.094328,-0.261954,-0.274701,-0.235449,1,1
379,10,-0.683180,0.208905,-0.261938,-0.164923,-0.155034,1,1
385,10,-0.685409,0.187785,-0.268052,-0.243693,-0.309149,1,1
378,10,-0.712868,0.213807,-0.210514,-0.129791,-0.274796,1,1
398,10,-0.660272,0.160791,-0.368461,-0.345067,-0.144413,1,1
364,10,-0.682462,0.241858,-0.243019,-0.212596,-0.208576,1,1
386,10,-0.682887,0.115732,-0.336224,-0.224025,-0.118417,1,1
370,10,-0.697358,0.231352,-0.226190,-0.146592,-0.171004,1,1
393,10,-0.773224,0.114786,-0.337159,-0.271636,-0.294333,1,1
390,10,-0.754727,0.208470,-0.387781,-0.252936,-0.256606,1,1
367,10,-0.714643,0.225888,-0.227654,-0.286163,-0.154668,1,1
366,10,-0.732505,0.183229,-0.283469,-0.292201,-0.222715,1,1
373,10,-0.657263,0.100365,-0.271071,-0.200683,-0.129239,1,1
377,10,-0.592490,0.173818,-0.278948,-0.212712,-0.152165,1,1
389,10,-0.630654,0.128137,-0.370608,-0.201719,-0.255037,1,1
383,10,-0.781773,0.060926,-0.345750,-0.306747,-0.303921,0,1
394,10,-0.749998,0.130529,-0.257315,-0.308147,-0.212383,1,1
395,10,-0.752810,0.211762,-0.240836,-0.201819,-0.288453,1,1
404,11,-0.698391,0.098115,-0.215416,-0.269384,-0.094646,1,1
412,11,-0.757878,0.155726,-0.305354,-0.148719,-0.143282,1,1
421,11,-0.729134,0.168275,-0.336741,-0.225491,-0.254995,1,1
401,11,-0.613361,0.194363,-0.298583,-0.186969,-0.252980,1,1
402,11,-0.627954,0.164333,-0.220725,-0.179054,-0.132343,1,1
426,11,-0.692644,0.083111,-0.328806,-0.191481,-0.211842,1,1
418,11,-0.742443,0.297376,-0.213275,-0.194688,-0.247673,1,0
427,11,-0.750781,0.150796,-0.348581,-0.287346,-0.205997,1,1
423,11,-0.671745,0.184299,-0.290004,-0.283444,-0.217447,1,1
429,11,-0.628446,0.085727,-0.178320,-0.341931,-0.151506,1,1
436,11,-0.614795,0.128558,-0.338157,-0.175899,-0.294001,1,1
403,11,-0.708132,0.215557,-0.233005,-0.106050,-0.229553,1,1
413,11,-0.687431,0.195723,-0.199227,-0.168142,-0.164013,1,1
428,11,-0.854259,0.119373,-0.277635,-0.261313,-0.277162,0,1
409,11,-0.778691,0.163562,-0.179262,-0.207114,-0.208342,1,1
424,11,-0.716819,0.088677,-0.291246,-0.175030,-0.293131,1,1
419,11,-0.576585,0.177112,-0.311015,-0.176510,-0.142457,1,1
420,11,-0.713164,0.122496,-0.282680,-0.185366,-0.219644,1,1
434,11,-0.621088,0.118056,-0.372984,-0.231847,-0.280162,1,1
439,11,-0.737875,0.092003,-0.231328,-0.301332,-0.245366,1,1
438,11,-0.734479,0.195874,-0.282357,-0.318443,-0.193108,1,1
422,11,-0.726740,0.130803,-0.281974,-0.331868,-0.306517,1,1
414,11,-0.627213,0.190362,-0.198141,-0.221623,-0.142950,1,1
437,11,-0.732308,0.210311,-0.313240,-0.186093,-0.213890,1,1
431,11,-0.677114,0.065424,-0.324349,-0.239864,-0.266710,1,1
433,11,-0.768466,0.214331,-0.387607,-0.168345,-0.287174,1,1
416,11,-0.725114,0.229870,-0.242550,-0.199468,-0.137078,1,1
408,11,-0.661926,0.242190,-0.173230,-0.199831,-0.126917,1,1
432,11,-0.700329,0.070629,-0.334990,-0.207562,-0.276555,1,1
435,11,-0.653156,0.158713,-0.312125,-0.288044,-0.209711,1,1
410,11,-0.672605,0.091165,-0.311383,-0.241859,-0.213338,1,1
400,11,-0.652068,0.221762,-0.213913,-0.133692,-0.172659,1,1
425,11,-0.718975,0.087702,-0.367972,-0.239366,-0.280463,1,1
411,11,-0.608779,0.189619,-0.297461,-0.169227,-0.156923,1,1
430,11,-0.593097,0.202139,-0.310646,-0.339315,-0.280456,1,1
415,11,-0.731108,0.209637,-0.206669,-0.169749,-0.228450,1,1
417,11,-0.597715,0.203169,-0.277787,-0.196802,-0.123185,1,1
407,11,-0.696087,0.205957,-0.227259,-0.271135,-0.166806,1,1
406,11,-0.639881,0.168744,-0.243588,-0.264466,-0.178238,1,1
405,11,-0.659358,0.204240,-0.337467,-0.189164,-0.232514,1,1
465,12,-0.696359,0.130653,-0.260523,-0.258924,-0.193404,1,1
458,12,-0.671968,0.182029,-0.269659,-0.348370,-0.175586,1,1
451,12,-0.721996,0.146888,-0.222901,-0.244607,-0.122521,1,1
444,12,-0.514551,0.206053,-0.146084,-0.266111,-0.179236,1,0
464,12,-0.627572,0.134468,-0.273953,-0.268004,-0.166323,1,1
446,12,-0.660239,0.159575,-0.226800,-0.246712,-0.199210,1,1
456,12,-0.695167,0.213128,-0.192052,-0.236081,-0.187611,1,1
469,12,-0.670125,0.169217,-0.358820,-0.235844,-0.208108,1,1
450,12,-0.704742,0.277923,-0.174214,-0.212345,-0.076262,1,1
461,12,-0.676284,0.172302,-0.290773,-0.258195,-0.249113,1,1
470,12,-0.654673,0.138597,-0.228473,-0.296520,-0.308914,1,1
477,12,-0.721435,0.156919,-0.328539,-0.236562,-0.235644,1,1
474,12,-0.753171,0.204235,-0.290808,-0.320648,-0.246007,1,1
447,12,-0.717203,0.180324,-0.198928,-0.259333,-0.194801,1,1
440,12,-0.730954,0.161791,-0.180832,-0.218916,-0.103939,1,1
462,12,-0.706087,0.209683,-0.289260,-0.191870,-0.315149,1,1
460,12,-0.696266,0.139518,-0.325604,-0.257712,-0.261587,1,1
479,12,-0.694001,0.132361,-0.329902,-0.246312,-0.258405,1,1
453,12,-0.723879,0.199592,-0.269115,-0.232006,-0.139951,1,1
471,12,-0.659977,0.088125,-0.295517,-0.268227,-0.273051,1,1
452,12,-0.635403,0.208886,-0.262746,-0.215430,-0.199245,1,1
473,12,-0.770875,0.156769,-0.228100,-0.268004,-0.330481,1,1
468,12,-0.651536,0.075117,-0.309107,-0.246513,-0.175161,1,1
441,12,-0.804910,0.145553,-0.315471,-0.160798,-0.227042,1,1
455,12,-0.703200,0.209063,-0.181817,-0.227061,-0.134137,1,1
445,12,-0.694889,0.233803,-0.334822,-0.238591,-0.183302,1,1
463,12,-0.722181,0.169956,-0.311355,-0.254038,-0.216211,1,1
449,12,-0.731407,0.253264,-0.275413,-0.282783,-0.116372,1,1
478,12,-0.764200,0.103783,-0.264843,-0.173009,-0.199065,1,1
476,12,-0.679125,0.161090,-0.213837,-0.354436,-0.230254,1,1
443,12,-0.654859,0.211441,-0.173585,-0.224553,-0.208005,1,1
467,12,-0.696873,0.153940,-0.264671,-0.213446,-0.178699,1,1
457,12,-0.619633,0.322127,-0.204150,-0.246664,-0.141160,1,0
466,12,-0.721773,0.084654,-0.248410,-0.301802,-0.193505,1,1
448,12,-0.625168,0.291378,-0.216465,-0.246311,-0.288731,1,0
454,12,-0.648910,0.206171,-0.305569,-0.148027,-0.213904,1,1
459,12,-0.650158,0.150205,-0.228108,-0.205191,-0.156047,1,1
475,12,-0.693543,0.126361,-0.247459,-0.297286,-0.267878,1,1
442,12,-0.681318,0.213788,-0.173655,-0.216884,-0.167372,1,1
472,12,-0.642844,0.159144,-0.285317,-0.281824,-0.156047,1,1
499,13,-0.647842,0.211360,-0.270742,-0.190568,-0.162842,1,1
500,13,-0.711307,0.165310,-0.321578,-0.198635,-0.256335,1,1
510,13,-0.676344,0.142515,-0.219572,-0.222469,-0.264192,1,1
507,13,-0.686287,0.070682,-0.225078,-0.275183,-0.201110,1,1
481,13,-0.749059,0.159945,-0.269270,-0.140755,-0.201137,1,1
502,13,-0.574095,0.167742,-0.190085,-0.258608,-0.255514,1,1
488,13,-0.676234,0.292313,-0.228545,-0.234053,-0.188132,1,0
518,13,-0.721175,0.165489,-0.308796,-0.211034,-0.252357,1,1
494,13,-0.714641,0.234760,-0.260447,-0.242392,-0.184611,1,1
495,13,-0.615384,0.216722,-0.146383,-0.174025,-0.114420,1,1
484,13,-0.604492,0.179576,-0.215271,-0.287182,-0.170141,1,1
513,13,-0.745575,0.029292,-0.330374,-0.258021,-0.280867,0,1
497,13,-0.686290,0.259910,-0.127560,-0.252014,-0.105040,1,1
509,13,-0.660482,0.150296,-0.265356,-0.318012,-0.266498,1,1
515,13,-0.639901,0.168829,-0.291204,-0.157525,-0.172467,1,1
483,13,-0.641681,0.230632,-0.098045,-0.196500,-0.154785,1,1
482,13,-0.681051,0.308315,-0.268175,-0.115286,-0.228456,1,0
504,13,-0.691954,0.093628,-0.264747,-0.198116,-0.218959,1,1
503,13,-0.599841,0.114221,-0.309947,-0.281448,-0.202623,1,1
486,13,-0.599796,0.187344,-0.243114,-0.183588,-0.230278,1,1
493,13,-0.601418,0.170842,-0.190164,-0.162298,-0.122048,1,1
501,13,-0.596864,0.201411,-0.333377,-0.198998,-0.195947,1,1
517,13,-0.673893,0.109269,-0.268378,-0.275266,-0.154008,1,1
514,13,-0.583534,0.068649,-0.237657,-0.201449,-0.179475,1,1
508,13,-0.663195,0.175751,-0.263639,-0.306442,-0.196395,1,1
492,13,-0.728246,0.276969,-0.159855,-0.193843,-0.160188,1,1
487,13,-0.574725,-0.008022,-0.241703,-0.191696,-0.128592,1,0
480,13,-0.620104,0.267361,-0.280488,-0.226102,-0.213723,1,1
511,13,-0.684033,0.144464,-0.337924,-0.301846,-0.271165,1,1
498,13,-0.633053,0.154683,-0.301452,-0.139554,-0.233854,1,1
519,13,-0.661338,0.210941,-0.197794,-0.234716,-0.276177,1,1
491,13,-0.672608,0.262150,-0.242655,-0.167518,-0.173244,1,1
506,13,-0.721253,0.158664,-0.288671,-0.280663,-0.122682,1,1
516,13,-0.716725,0.111132,-0.157188,-0.280930,-0.162863,1,1
512,13,-0.720711,0.123002,-0.276341,-0.367941,-0.204953,1,1
485,13,-0.576324,0.051216,-0.235140,-0.215836,-0.296548,1,1
496,13,-0.626074,0.249099,-0.239892,-0.172476,-0.272594,1,1
490,13,-0.672287,0.279893,-0.216430,-0.163926,-0.123072,1,1
489,13,-0.690738,0.165631,-0.285628,-0.287855,-0.173289,1,1
505,13,-0.672625,0.098407,-0.190253,-0.180374,-0.234577,1,1
545,14,-0.674228,0.155444,-0.231143,-0.294815,-0.232975,1,1
534,14,-0.642827,0.180955,-0.164931,-0.168801,-0.150806,1,1
540,14,-0.682553,0.201641,-0.304730,-0.203063,-0.280851,1,1
557,14,-0.644557,0.216983,-0.262560,-0.309650,-0.197581,1,1
553,14,-0.551686,0.109040,-0.229354,-0.219284,-0.197896,1,1
543,14,-0.573333,0.173567,-0.255476,-0.249612,-0.215628,1,1
525,14,-0.584679,0.249212,-0.187388,-0.202915,-0.105565,1,1
522,14,-0.614212,0.153569,-0.331368,-0.151361,-0.076865,1,1
532,14,-0.588835,0.200981,-0.103981,-0.209580,-0.184270,1,1
527,14,-0.572640,0.088105,-0.183416,-0.143742,-0.167224,1,1
548,14,-0.662231,0.212307,-0.193915,-0.263850,-0.205955,1,1
554,14,-0.635829,0.051939,-0.345847,-0.243546,-0.185265,1,1
559,14,-0.736912,0.208599,-0.168836,-0.286772,-0.273936,1,1
552,14,-0.637285,0.217041,-0.233797,-0.265099,-0.174124,1,1
523,14,-0.636021,0.257483,-0.239456,-0.165635,-0.184848,1,1
535,14,-0.559830,0.318734,-0.328459,-0.226189,-0.272826,1,0
541,14,-0.625320,0.071589,-0.248177,-0.233763,-0.202388,1,1
546,14,-0.638132,0.233429,-0.301868,-0.197706,-0.255193,1,1
528,14,-0.636885,0.222890,-0.218786,-0.113414,-0.129343,1,1
530,14,-0.683701,0.192186,-0.228841,-0.241424,-0.212467,1,1
536,14,-0.609221,0.329994,-0.270961,-0.169687,-0.159959,1,0
529,14,-0.653400,0.222038,-0.179203,-0.234286,-0.217700,1,1
556,14,-0.572881,0.159142,-0.265126,-0.281836,-0.302574,1,1
550,14,-0.661455,0.165480,-0.239381,-0.217020,-0.144777,1,1
524,14,-0.651722,0.197371,-0.206378,-0.133917,-0.166775,1,1
549,14,-0.649746,0.197422,-0.251537,-0.159874,-0.126095,1,1
544,14,-0.651684,0.130367,-0.248744,-0.302788,-0.222605,1,1
521,14,-0.584347,0.220944,-0.176729,-0.201240,-0.179277,1,1
537,14,-0.675620,0.253972,-0.223266,-0.151987,-0.198607,1,1
547,14,-0.596411,0.227765,-0.290265,-0.274647,-0.188913,1,1
520,14,-0.618958,0.191885,-0.192240,-0.162715,-0.092479,1,1
531,14,-0.715018,0.199930,-0.156224,-0.215219,-0.175218,1,1
526,14,-0.700862,0.218247,-0.196941,-0.157528,-0.126344,1,1
558,14,-0.738174,0.142976,-0.275440,-0.184249,-0.237403,1,1
555,14,-0.636618,0.114228,-0.297373,-0.268289,-0.298791,1,1
533,14,-0.642350,0.168550,-0.291522,-0.158001,-0.259727,1,1
551,14,-0.718935,0.093510,-0.230088,-0.186873,-0.173954,1,1
542,14,-0.670658,0.190730,-0.338326,-0.155862,-0.232633,1,1
539,14,-0.588699,0.054990,-0.268642,-0.155352,-0.229810,1,1
538,14,-0.613973,0.167701,-0.140760,-0.202276,-0.143297,1,1
585,15,-0.674596,0.253603,-0.309500,-0.188227,-0.181070,1,1
589,15,-0.612824,0.191029,-0.256455,-0.259344,-0.263892,1,1
564,15,-0.552191,0.232778,-0.250000,-0.300772,-0.142186,1,1
571,15,-0.674760,0.168376,-0.310444,-0.101801,-0.221222,1,1
576,15,-0.615356,0.177930,-0.194832,-0.191616,-0.220935,1,1
577,15,-0.544138,0.123045,-0.182704,-0.208466,-0.273520,1,1
592,15,-0.572884,0.149503,-0.279387,-0.272260,-0.270266,1,1
566,15,-0.535061,0.253073,-0.382029,-0.153704,-0.161811,1,1
574,15,-0.631172,0.172436,-0.231571,-0.232260,-0.183022,1,1
581,15,-0.679850,0.119541,-0.355415,-0.147318,-0.255906,1,1
584,15,-0.600703,0.119317,-0.271835,-0.239505,-0.185209,1,1
595,15,-0.638829,0.180559,-0.284965,-0.191366,-0.140288,1,1
596,15,-0.626671,0.138269,-0.236826,-0.169276,-0.182889,1,1
597,15,-0.608416,0.131002,-0.287099,-0.187828,-0.200210,1,1
593,15,-0.583185,0.016577,-0.249406,-0.287777,-0.173473,0,1
586,15,-0.663771,0.147865,-0.290391,-0.226354,-0.307105,1,1
578,15,-0.492235,0.127490,-0.355603,-0.139388,-0.036261,1,1
567,15,-0.575303,0.221254,-0.294272,-0.160965,-0.153681,1,1
598,15,-0.642992,0.168958,-0.251278,-0.246689,-0.165514,1,1
594,15,-0.598366,0.137345,-0.210106,-0.204608,-0.290964,1,1
561,15,-0.687190,0.292850,-0.141658,-0.214748,-0.118759,1,0
590,15,-0.610282,0.137056,-0.280353,-0.210947,-0.228548,1,1
591,15,-0.523636,0.221674,-0.229392,-0.233157,-0.191561,1,1
565,15,-0.603735,0.246382,-0.197603,-0.230076,-0.191855,1,1
560,15,-0.729138,0.214725,-0.142361,-0.159103,-0.211404,1,1
582,15,-0.593734,0.187086,-0.208935,-0.270436,-0.170328,1,1
575,15,-0.612612,0.269641,-0.130736,-0.214350,-0.163999,1,1
583,15,-0.544323,0.155855,-0.246632,-0.187890,-0.211952,1,1
568,15,-0.625225,0.205965,-0.156500,-0.244185,-0.044252,1,1
569,15,-0.605823,0.286481,-0.227655,-0.264533,-0.190307,1,1
572,15,-0.679937,0.145405,-0.182664,-0.174560,-0.110562,1,1
573,15,-0.559273,0.116880,-0.181667,-0.188691,-0.160440,1,1
587,15,-0.618620,0.088992,-0.240548,-0.312609,-0.123461,1,1
570,15,-0.652455,0.161588,-0.255860,-0.137922,-0.156506,1,1
579,15,-0.619373,0.193411,-0.239785,-0.180274,-0.141837,1,1
588,15,-0.531038,0.138681,-0.266285,-0.228299,-0.203498,1,1
562,15,-0.589871,0.211626,-0.164020,-0.171810,-0.139145,1,1
599,15,-0.662857,0.204411,-0.264749,-0.273117,-0.183363,1,1
563,15,-0.583905,0.260935,-0.212808,-0.091105,-0.190800,1,1
580,15,-0.665147,0.177877,-0.325018,-0.193655,-0.221962,1,1
620,16,-0.610994,0.199796,-0.227611,-0.291687,-0.170638,1,1
630,16,-0.677752,0.202331,-0.210405,-0.152223,-0.220200,1,1
604,16,-0.644901,0.197131,-0.245242,-0.137354,-0.027346,1,1
610,16,-0.567051,0.136609,-0.155640,-0.171013,-0.063961,1,1
619,16,-0.609646,0.210386,-0.266921,-0.108059,-0.140201,1,1
618,16,-0.503209,0.334937,-0.225985,-0.201222,-0.123574,1,0
609,16,-0.546759,0.237252,-0.138471,-0.200702,-0.067522,1,1
622,16,-0.671189,0.169047,-0.225226,-0.332114,-0.249460,1,1
623,16,-0.594590,0.068324,-0.138068,-0.224904,-0.243614,1,1
625,16,-0.505113,0.173588,-0.190287,-0.145531,-0.089926,1,1
613,16,-0.568898,0.258634,-0.236853,-0.200062,-0.155829,1,1
634,16,-0.619754,0.155898,-0.210412,-0.272906,-0.147463,1,1
638,16,-0.565904,0.184286,-0.259016,-0.270246,-0.192941,1,1
606,16,-0.542900,0.280037,-0.195878,-0.179327,-0.092746,1,0
636,16,-0.621563,0.166458,-0.377310,-0.207308,-0.090533,1,1
624,16,-0.545349,0.137695,-0.211960,-0.192738,-0.195794,1,1
602,16,-0.573919,0.179909,-0.111091,-0.182695,-0.236397,1,1
611,16,-0.587702,0.214632,-0.195351,-0.148024,-0.162098,1,1
612,16,-0.540667,0.207720,-0.167349,-0.206736,-0.160541,1,1
629,16,-0.590595,-0.001192,-0.137165,-0.211364,-0.228105,0,1
605,16,-0.566880,0.193478,-0.155820,-0.238930,-0.083958,1,1
635,16,-0.533388,0.075307,-0.200911,-0.209424,-0.196183,1,1
601,16,-0.570760,0.247008,-0.195017,-0.108469,-0.160208,1,1
631,16,-0.533577,0.126227,-0.266170,-0.184361,-0.157205,1,1
633,16,-0.632411,0.148755,-0.250741,-0.240290,-0.174697,1,1
627,16,-0.714378,0.063391,-0.234442,-0.311243,-0.180521,0,1
603,16,-0.654290,0.240780,-0.092705,-0.214641,-0.038051,1,1
628,16,-0.589817,0.174840,-0.263698,-0.136838,-0.141796,1,1
632,16,-0.710709,0.063973,-0.305550,-0.290527,-0.116610,0,1
639,16,-0.595483,0.184533,-0.317616,-0.310969,-0.187268,1,1
615,16,-0.546130,0.316904,-0.225415,-0.183879,-0.095231,1,0
600,16,-0.549030,0.216369,-0.259850,-0.226733,-0.190699,1,1
617,16,-0.545043,0.313543,-0.211624,-0.110148,-0.092691,1,0
614,16,-0.574965,0.184934,-0.228302,-0.180675,-0.185739,1,1
626,16,-0.636875,0.130369,-0.188759,-0.202177,-0.229451,1,1
637,16,-0.645227,0.111266,-0.166037,-0.261466,-0.148602,1,1
621,16,-0.646694,0.146750,-0.262750,-0.214030,-0.069512,1,1
616,16,-0.560869,0.193279,-0.259032,-0.233255,-0.145557,1,1
607,16,-0.577295,0.223277,-0.192593,-0.139279,-0.140233,1,1
608,16,-0.582915,0.122651,-0.180938,-0.187999,-0.035136,1,1
666,17,-0.662497,0.135417,-0.321946,-0.202005,-0.251955,1,1
640,17,-0.613141,0.172746,-0.130308,-0.132727,-0.137815,1,1
649,17,-0.551918,0.221704,-0.151269,-0.090749,-0.136359,1,1
677,17,-0.635411,0.119870,-0.276985,-0.258579,-0.129432,1,1
670,17,-0.661918,0.101137,-0.277177,-0.196538,-0.181594,1,1
671,17,-0.598483,0.192374,-0.229643,-0.231837,-0.216291,1,1
679,17,-0.553245,0.227687,-0.260722,-0.185689,-0.141860,1,1
674,17,-0.602283,0.165371,-0.145078,-0.087294,-0.237404,1,1
653,17,-0.551664,0.215218,-0.096654,-0.166694,-0.113442,1,1
642,17,-0.613217,0.148812,-0.142400,-0.186723,-0.146304,1,1
645,17,-0.587938,0.134342,-0.167842,-0.210923,-0.195085,1,1
665,17,-0.510773,0.122199,-0.248180,-0.146897,-0.259078,1,1
669,17,-0.631490,0.119843,-0.277700,-0.250139,-0.116006,1,1
657,17,-0.624706,0.184774,-0.180099,-0.208489,-0.126756,1,1
656,17,-0.601847,0.123070,-0.334925,-0.200369,-0.160021,1,1
655,17,-0.630929,0.257774,-0.187575,-0.143148,-0.048947,1,1
652,17,-0.521859,0.264108,-0.200709,-0.236919,-0.195431,1,1
660,17,-0.537411,0.077212,-0.140361,-0.206401,-0.152734,1,1
675,17,-0.529848,0.194722,-0.254520,-0.230000,-0.131762,1,1
662,17,-0.610235,0.192680,-0.186692,-0.195178,-0.148309,1,1
654,17,-0.490459,0.146114,-0.229201,-0.141879,-0.090412,1,1
668,17,-0.622296,0.229307,-0.147669,-0.167825,-0.158490,1,1
646,17,-0.586997,0.329414,-0.143028,-0.236790,-0.120398,1,0
672,17,-0.602979,0.103226,-0.248122,-0.201300,-0.136042,1,1
659,17,-0.464651,0.178629,-0.091818,-0.168610,-0.158154,1,1
643,17,-0.541126,0.192308,-0.154830,-0.215380,-0.135829,1,1
641,17,-0.588643,0.160258,-0.139852,-0.112017,-0.183942,1,1
648,17,-0.570760,0.222400,-0.165568,-0.130096,-0.114108,1,1
678,17,-0.539354,0.170297,-0.267366,-0.203500,-0.139367,1,1
664,17,-0.652809,0.195262,-0.211448,-0.188141,-0.107538,1,1
663,17,-0.609179,0.111076,-0.243413,-0.159016,-0.221466,1,1
676,17,-0.607226,0.233346,-0.185805,-0.252474,-0.156015,1,1
658,17,-0.503901,0.132740,-0.249386,-0.045160,-0.159574,1,1
644,17,-0.612240,0.127643,-0.148363,-0.147543,-0.125341,1,1
673,17,-0.660008,0.077768,-0.212459,-0.168336,-0.262827,0,1
647,17,-0.618301,0.141787,-0.169877,-0.157355,-0.093648,1,1
650,17,-0.558893,0.175252,-0.169114,-0.171613,-0.110431,1,1
661,17,-0.617626,0.133961,-0.275951,-0.198040,-0.207522,1,1
651,17,-0.529170,0.178539,-0.141119,-0.129270,-0.099366,1,1
667,17,-0.584464,0.127698,-0.234253,-0.138243,-0.173959,1,1
701,18,-0.531973,0.189003,-0.198158,-0.220202,-0.157337,1,1
708,18,-0.659224,0.106129,-0.218295,-0.131455,-0.203588,0,1
686,18,-0.597745,0.070774,-0.205611,-0.111255,-0.132343,1,1
712,18,-0.620898,0.223564,-0.236175,-0.225428,-0.196731,1,1
688,18,-0.492661,0.200280,-0.134736,-0.304264,-0.117718,1,1
692,18,-0.516405,0.302295,-0.145355,-0.124050,-0.129205,1,0
716,18,-0.605846,0.223394,-0.188169,-0.223323,-0.163901,1,1
711,18,-0.510627,0.093144,-0.204050,-0.244375,-0.159727,1,1
693,18,-0.570932,0.163055,-0.142335,-0.106057,-0.126641,1,1
719,18,-0.517551,0.230762,-0.301183,-0.222134,-0.159524,1,1
687,18,-0.467483,0.159479,-0.242070,-0.208859,-0.158987,1,1
699,18,-0.578748,0.170759,-0.182740,-0.201993,-0.066591,1,1
709,18,-0.584301,0.154147,-0.215051,-0.132706,-0.185313,1,1
685,18,-0.586496,0.255904,-0.180804,-0.187407,-0.239325,1,1
694,18,-0.502279,0.195343,-0.158809,-0.119112,-0.088781,1,1
713,18,-0.661160,0.026399,-0.255809,-0.277721,-0.104035,0,1
718,18,-0.610530,0.153267,-0.188258,-0.173591,-0.095598,1,1
689,18,-0.532626,0.130922,-0.163809,-0.048250,-0.076542,1,1
698,18,-0.568443,0.246920,-0.146992,-0.068840,-0.129913,1,1
702,18,-0.628336,0.153341,-0.303378,-0.151994,-0.152828,1,1
717,18,-0.531121,0.134272,-0.094199,-0.222405,-0.220476,1,1
714,18,-0.600567,0.078245,-0.152283,-0.180838,-0.197751,1,1
700,18,-0.572788,0.172737,-0.232378,-0.271063,-0.189799,1,1
684,18,-0.568399,0.134543,-0.152745,-0.178373,-0.200847,1,1
705,18,-0.658017,0.147584,-0.212051,-0.294610,-0.214765,1,1
715,18,-0.550512,0.194277,-0.135874,-0.153826,-0.156441,1,1
681,18,-0.540746,0.236282,-0.156807,-0.168651,-0.135857,1,1
710,18,-0.511668,0.160424,-0.243099,-0.190394,-0.141849,1,1
695,18,-0.530700,0.235785,-0.203645,-0.135800,-0.151090,1,1
703,18,-0.661392,0.122951,-0.187017,-0.147970,-0.183221,1,1
706,18,-0.508868,0.050416,-0.184101,-0.260342,-0.134958,1,1
690,18,-0.534591,0.161125,-0.190557,-0.079841,-0.103587,1,1
680,18,-0.459327,0.212283,-0.128181,-0.250250,-0.205728,1,0
704,18,-0.528544,0.125688,-0.201245,-0.179519,-0.139713,1,1
682,18,-0.598218,0.143987,-0.172432,-0.187044,-0.040384,1,1
683,18,-0.570309,0.202130,-0.151956,-0.102975,-0.105241,1,1
707,18,-0.642854,0.154171,-0.197791,-0.264144,-0.235227,1,1
697,18,-0.523522,0.203440,-0.141198,-0.196259,-0.143686,1,1
696,18,-0.492884,0.207731,-0.109163,-0.112851,-0.074628,1,1
691,18,-0.493404,0.178763,-0.204923,-0.133359,-0.054282,1,1
752,19,-0.497860,0.072710,-0.206100,-0.188907,-0.174144,1,1
747,19,-0.530917,0.223340,-0.257902,-0.173536,-0.224311,1,1
722,19,-0.513832,0.241239,-0.203841,-0.108262,-0.119223,1,1
746,19,-0.449542,0.203853,-0.223895,-0.175779,-0.146598,1,1
754,19,-0.542513,0.135006,-0.223280,-0.190223,-0.129805,1,1
732,19,-0.429110,0.177981,-0.146828,-0.122033,-0.130292,1,0
720,19,-0.626509,0.190577,-0.055282,-0.138750,-0.110848,1,1
745,19,-0.596370,0.137566,-0.266849,-0.209928,-0.088009,1,1
725,19,-0.557298,0.228226,-0.262820,-0.135345,-0.100335,1,1
723,19,-0.608252,0.124304,-0.115661,-0.115261,-0.148509,1,1
735,19,-0.568527,0.064304,-0.197384,-0.084981,-0.107870,1,1
757,19,-0.673788,0.146853,-0.336170,-0.241572,-0.131328,0,1
728,19,-0.530499,0.189958,-0.111665,-0.138026,-0.083442,1,1
743,19,-0.548332,0.109952,-0.290797,-0.031902,-0.096543,1,1
744,19,-0.501746,0.130498,-0.170367,-0.221020,-0.145752,1,1
758,19,-0.547754,0.079086,-0.176198,-0.162398,-0.118202,1,1
721,19,-0.629861,0.254262,-0.132264,-0.127415,-0.111106,1,1
759,19,-0.659397,0.132673,-0.203752,-0.204578,-0.205082,1,1
737,19,-0.406784,0.241944,-0.206005,-0.170056,-0.079096,1,0
749,19,-0.503039,0.158152,-0.213491,-0.228979,-0.174252,1,1
730,19,-0.587788,0.071687,-0.249589,-0.082409,-0.091301,1,1
755,19,-0.689097,0.108661,-0.237022,-0.127690,-0.167878,0,1
741,19,-0.596036,0.074843,-0.272026,-0.183788,-0.211084,1,1
750,19,-0.561351,0.192377,-0.225092,-0.265213,-0.120735,1,1
756,19,-0.578194,0.023811,-0.180553,-0.175943,-0.184642,0,1
748,19,-0.541578,0.241734,-0.274599,-0.203466,-0.209432,1,1
731,19,-0.527086,0.227174,-0.241670,-0.232810,-0.137511,1,1
734,19,-0.515044,0.141710,-0.101849,-0.278547,-0.124105,1,1
751,19,-0.589856,0.134928,-0.257178,-0.223885,-0.196607,1,1
733,19,-0.537785,0.203806,-0.164574,-0.088534,-0.152841,1,1
727,19,-0.519573,0.217608,-0.249833,-0.149801,-0.160866,1,1
742,19,-0.557834,0.106718,-0.241185,-0.141431,-0.221472,1,1
729,19,-0.441222,0.129028,-0.121374,-0.249187,-0.134843,1,1
740,19,-0.598300,0.099080,-0.149318,-0.226856,-0.211385,1,1
753,19,-0.566408,0.097693,-0.273175,-0.254180,-0.075700,1,1
724,19,-0.494239,0.222695,-0.157378,-0.149573,-0.073913,1,1
736,19,-0.594976,0.223857,-0.223949,-0.189663,-0.125549,1,1
738,19,-0.464814,0.195171,-0.205317,-0.155032,-0.093359,1,1
739,19,-0.605789,0.129519,-0.246201,-0.157025,-0.068773,1,1
726,19,-0.525875,0.220497,-0.256701,-0.268096,-0.161700,1,1
799,20,-0.512722,0.137094,-0.302921,-0.170368,-0.052769,1,1
790,20,-0.611732,0.140625,-0.267884,-0.199101,-0.116441,1,1
778,20,-0.470796,0.240400,-0.187371,-0.046912,-0.121752,1,1
791,20,-0.498910,0.128247,-0.313276,-0.180751,-0.104798,1,1
764,20,-0.576827,0.097475,-0.157353,-0.175528,0.008650,1,1
761,20,-0.469735,0.232122,-0.188767,-0.068855,-0.059814,1,1
760,20,-0.483526,0.173207,-0.202673,-0.194872,-0.084746,1,1
781,20,-0.535316,0.179906,-0.235657,-0.225442,-0.177037,1,1
770,20,-0.534364,0.168020,-0.182089,-0.100985,-0.090125,1,1
793,20,-0.541693,0.109989,-0.136590,-0.203716,-0.154717,1,1
771,20,-0.477479,0.239277,-0.128403,-0.221351,-0.141940,1,1
777,20,-0.543740,0.266305,-0.117866,-0.151695,-0.117899,1,1
788,20,-0.578649,0.207913,-0.289270,-0.249457,-0.264817,1,1
765,20,-0.610544,0.182812,-0.111462,-0.035721,-0.158076,1,1
775,20,-0.510222,0.200634,-0.178504,-0.147385,-0.178419,1,1
773,20,-0.523294,0.225689,-0.232198,-0.166360,-0.116584,1,1
768,20,-0.571391,0.140042,-0.115375,-0.157047,-0.127396,1,1
766,20,-0.477985,0.152644,-0.129348,-0.094773,-0.126636,1,1
774,20,-0.494394,0.108711,-0.146334,-0.255610,-0.182701,1,1
792,20,-0.592220,0.235849,-0.219488,-0.163675,-0.182518,1,1
767,20,-0.466162,0.194058,-0.233685,-0.149687,-0.087528,1,1
785,20,-0.472064,0.040630,-0.265986,-0.117662,-0.137092,0,1
772,20,-0.465133,0.222137,-0.148737,-0.124036,-0.065874,1,1
769,20,-0.489785,0.144125,-0.192823,-0.211199,-0.141468,1,1
789,20,-0.574441,0.040853,-0.218170,-0.200223,-0.193808,0,1
786,20,-0.525789,0.168874,-0.200884,-0.173202,-0.156199,1,1
796,20,-0.621967,0.170049,-0.243454,-0.202285,-0.168984,1,1
787,20,-0.611884,0.051972,-0.156827,-0.154630,-0.254444,0,1
762,20,-0.486244,0.182668,-0.177858,-0.236375,-0.145366,1,1
776,20,-0.514637,0.153419,-0.135500,-0.204127,0.094998,1,1
783,20,-0.556194,0.127604,-0.174043,-0.216048,-0.163034,1,1
798,20,-0.521710,0.121298,-0.310890,-0.151816,-0.147221,1,1
780,20,-0.602167,0.151127,-0.222645,-0.048041,-0.182406,1,1
763,20,-0.570400,0.221186,-0.150453,-0.196120,-0.192999,1,1
795,20,-0.537927,0.099257,-0.247218,-0.156130,-0.171499,1,1
779,20,-0.523976,0.174516,-0.140970,-0.187579,-0.156626,1,1
797,20,-0.546308,0.111488,-0.161724,-0.186432,-0.175183,1,1
794,20,-0.472836,0.080720,-0.135494,-0.164687,-0.264285,1,1
782,20,-0.485485,0.108634,-0.181396,-0.194283,-0.149568,1,1
784,20,-0.533444,0.149329,-0.239545,-0.110102,-0.071906,1,1