global_id,timestamp,f1,f2,f3,f4,f5,class_0,class_1,class_2
25,1,-0.781392,0.389849,-0.359903,-0.143083,-0.232095,1,1,0
26,1,-0.714253,0.329910,-0.262903,-0.241314,-0.120496,1,1,0
29,1,-0.811540,0.423847,-0.153652,-0.162228,-0.224657,1,1,0
33,1,-0.830494,0.350039,-0.238571,-0.266025,-0.110071,1,1,0
39,1,-0.757686,0.421626,-0.245930,-0.196705,-0.213083,1,1,0
36,1,-0.759489,0.370974,-0.214312,-0.251639,-0.178877,1,1,0
24,1,-0.828182,0.379274,-0.221095,-0.155364,-0.108971,1,1,0
3,1,-0.709542,0.410482,-0.278421,-0.178136,-0.158400,1,1,0
22,1,-0.754519,0.330453,-0.127957,-0.206296,-0.122985,1,1,0
4,1,-0.759414,0.428223,-0.205089,-0.244678,-0.226336,1,1,0
27,1,-0.732414,0.352473,-0.160876,-0.171881,-0.223250,1,1,0
17,1,-0.818116,0.383645,-0.205451,-0.085878,-0.211649,1,1,0
21,1,-0.856680,0.291767,-0.223000,-0.217070,-0.153766,1,1,0
1,1,-0.742944,0.398717,-0.249519,-0.125731,-0.050586,1,1,0
12,1,-0.806359,0.390633,-0.177046,-0.224295,-0.085637,1,1,0
2,1,-0.781063,0.321365,-0.128727,-0.210590,-0.167609,1,1,0
35,1,-0.789328,0.336682,-0.228381,-0.260640,-0.186957,1,1,0
28,1,-0.814291,0.460071,-0.142187,-0.367564,-0.266954,1,1,0
14,1,-0.807487,0.374609,-0.203900,-0.177721,-0.012355,1,1,0
7,1,-0.843789,0.455015,-0.197315,-0.143512,-0.174058,1,1,0
19,1,-0.893747,0.408950,-0.199875,-0.116893,-0.131941,1,1,0
9,1,-0.830580,0.448148,-0.207057,-0.240333,-0.151564,1,1,0
23,1,-0.718017,0.360979,-0.200888,-0.262941,-0.219279,1,1,0
37,1,-0.795667,0.383194,-0.279424,-0.133114,-0.119036,1,1,0
18,1,-0.827063,0.338338,-0.218179,-0.111816,-0.100278,1,1,0
5,1,-0.813918,0.448025,-0.292213,-0.117782,-0.159607,1,1,0
32,1,-0.782225,0.268128,-0.298564,-0.203137,-0.234746,1,1,0
20,1,-0.820520,0.346008,-0.212706,-0.202277,-0.242010,1,1,0
15,1,-0.868749,0.293430,-0.246002,-0.091908,-0.205014,1,1,0
13,1,-0.798035,0.415179,-0.186784,-0.172910,-0.148221,1,1,0
11,1,-0.894881,0.298964,-0.156098,-0.166497,-0.105837,1,1,0
16,1,-0.819411,0.407304,-0.171024,-0.139498,-0.175881,1,1,0
38,1,-0.784059,0.274005,-0.197479,-0.211312,-0.138967,1,1,0
0,1,-0.776738,0.436048,-0.200088,-0.167066,-0.108321,1,1,0
10,1,-0.855886,0.476841,-0.182283,-0.221227,-0.165214,1,0,0
30,1,-0.867440,0.375815,-0.274328,-0.196245,-0.196551,1,1,0
31,1,-0.884430,0.434298,-0.278472,-0.326688,-0.217003,1,1,0
34,1,-0.786745,0.316895,-0.244518,-0.172444,-0.222823,1,1,0
8,1,-0.715239,0.426906,-0.153655,-0.154109,-0.192498,1,1,0
6,1,-0.791588,0.405149,-0.299583,-0.200077,-0.232874,1,1,0
42,2,-0.784071,0.338348,-0.150753,-0.239821,-0.160214,1,1,0
48,2,-0.844175,0.349979,-0.168057,-0.193982,-0.164337,1,1,0
74,2,-0.812634,0.376329,-0.228879,-0.279889,-0.195435,1,1,0
76,2,-0.762389,0.326132,-0.279663,-0.155397,-0.175127,1,1,0
43,2,-0.744067,0.400702,-0.187997,-0.168695,-0.177007,1,1,0
54,2,-0.756373,0.410285,-0.166965,-0.210666,-0.151614,1,1,0
71,2,-0.792765,0.303591,-0.237930,-0.163264,-0.250190,1,1,0
58,2,-0.862124,0.345396,-0.177664,-0.000619,-0.243550,1,1,0
50,2,-0.872153,0.452769,-0.264579,-0.123889,-0.125180,1,1,0
66,2,-0.833184,0.362585,-0.296171,-0.163401,-0.181535,1,1,0
45,2,-0.747467,0.432699,-0.236733,-0.121846,-0.066234,1,1,0
77,2,-0.883882,0.381582,-0.268942,-0.214199,-0.213570,1,1,0
41,2,-0.837136,0.391055,-0.201967,-0.161994,-0.112268,1,1,0
57,2,-0.796656,0.431162,-0.188272,-0.251933,-0.104592,1,1,0
56,2,-0.801062,0.435583,-0.210030,-0.168981,-0.191932,1,1,0
49,2,-0.789289,0.430455,-0.198471,-0.252544,-0.120806,1,1,0
40,2,-0.837942,0.347389,-0.195156,-0.193115,-0.170232,1,1,0
73,2,-0.795509,0.234739,-0.269528,-0.197198,-0.171748,0,1,0
47,2,-0.755789,0.386469,-0.203548,-0.234937,-0.176551,1,1,0
75,2,-0.810768,0.395027,-0.265099,-0.254803,-0.178843,1,1,0
78,2,-0.856424,0.333929,-0.273099,-0.243191,-0.096851,1,1,0
60,2,-0.784953,0.405971,-0.388913,-0.200310,-0.225387,1,1,0
72,2,-0.861103,0.258125,-0.143188,-0.280131,-0.208590,0,1,0
79,2,-0.902709,0.455042,-0.211434,-0.242318,-0.246875,1,1,0
55,2,-0.799392,0.388777,-0.219452,-0.184849,-0.191570,1,1,0
63,2,-0.903884,0.283596,-0.373386,-0.193113,-0.262332,0,1,0
46,2,-0.846471,0.322943,-0.187733,-0.094236,-0.188961,1,1,0
59,2,-0.854981,0.507623,-0.155912,-0.167715,-0.152232,1,0,0
52,2,-0.872464,0.378403,-0.233474,-0.112316,-0.077763,1,1,0
69,2,-0.778352,0.319525,-0.295002,-0.303201,-0.184463,1,1,0
62,2,-0.837774,0.359916,-0.206347,-0.125713,-0.255726,1,1,0
64,2,-0.841166,0.390189,-0.247199,-0.296651,-0.281790,1,1,0
67,2,-0.856652,0.238117,-0.272297,-0.295832,-0.185962,0,1,0
61,2,-0.760763,0.398259,-0.238481,-0.194096,-0.099405,1,1,0
65,2,-0.827103,0.296266,-0.238533,-0.309886,-0.181104,1,1,0
70,2,-0.811998,0.415265,-0.294461,-0.187023,-0.153607,1,1,0
53,2,-0.779546,0.387889,-0.193056,-0.138470,-0.177023,1,1,0
44,2,-0.817709,0.304703,-0.126897,-0.146028,-0.132738,1,1,0
51,2,-0.787410,0.416995,-0.257424,-0.248413,-0.033537,1,1,0
68,2,-0.794732,0.375994,-0.195764,-0.187713,-0.234910,1,1,0
96,3,-0.788671,0.357984,-0.150985,-0.134293,-0.186506,1,1,0
88,3,-0.814789,0.422319,-0.121293,-0.080880,-0.160710,1,1,0
112,3,-0.854686,0.346382,-0.241798,-0.236508,-0.195757,1,1,0
99,3,-0.744899,0.303109,-0.214006,-0.212246,-0.142474,1,1,0
117,3,-0.836366,0.361667,-0.228984,-0.241473,-0.141133,1,1,0
119,3,-0.778779,0.328130,-0.299617,-0.289978,-0.204993,1,1,0
87,3,-0.762231,0.438487,-0.252065,-0.136122,-0.189628,1,1,0
113,3,-0.843341,0.365694,-0.189213,-0.166983,-0.234424,1,1,0
106,3,-0.850208,0.402683,-0.244558,-0.214866,-0.208544,1,1,0
98,3,-0.734222,0.363390,-0.213603,-0.082667,-0.173338,1,1,0
108,3,-0.868031,0.331244,-0.244596,-0.312747,-0.203428,1,1,0
103,3,-0.774454,0.369658,-0.286535,-0.164341,-0.085337,1,1,0
118,3,-0.827624,0.309613,-0.245035,-0.238330,-0.174994,1,1,0
94,3,-0.699084,0.421494,-0.142507,-0.144261,-0.119775,1,1,0
95,3,-0.717703,0.379063,-0.183055,-0.105569,-0.159541,1,1,0
97,3,-0.794799,0.443474,-0.247326,-0.192831,-0.106497,1,1,0
109,3,-0.832063,0.293111,-0.206952,-0.270438,-0.185863,1,1,0
86,3,-0.749770,0.434036,-0.106676,-0.109343,-0.057254,1,1,0
107,3,-0.871683,0.357396,-0.248336,-0.213138,-0.150494,1,1,0
110,3,-0.865961,0.319839,-0.290481,-0.213867,-0.156337,1,1,0
102,3,-0.834042,0.300769,-0.240588,-0.171199,-0.179484,1,1,0
92,3,-0.770582,0.448624,-0.133675,-0.117890,-0.078975,1,1,0
101,3,-0.807512,0.318029,-0.202565,-0.239881,-0.148585,1,1,0
81,3,-0.740754,0.334568,-0.272053,-0.203703,-0.063115,1,1,0
80,3,-0.801760,0.460860,-0.090034,-0.125327,-0.084113,1,1,0
104,3,-0.693409,0.396058,-0.231115,-0.264348,-0.141808,1,1,0
90,3,-0.802768,0.403121,-0.157694,-0.071943,-0.095252,1,1,0
84,3,-0.704394,0.475724,-0.207661,-0.171001,-0.188609,1,0,0
89,3,-0.809322,0.429094,-0.134017,-0.176602,-0.147732,1,1,0
82,3,-0.693946,0.327521,-0.112619,-0.147041,-0.174005,1,1,0
114,3,-0.848844,0.328225,-0.218852,-0.199315,-0.169015,1,1,0
111,3,-0.751434,0.291928,-0.184459,-0.172222,-0.091302,1,1,0
93,3,-0.748272,0.403553,-0.182099,-0.201708,-0.115397,1,1,0
116,3,-0.788910,0.304989,-0.215228,-0.240682,-0.152929,1,1,0
85,3,-0.757514,0.380662,-0.161191,-0.164632,-0.207547,1,1,0
115,3,-0.735502,0.346509,-0.337962,-0.301053,-0.192038,1,1,0
105,3,-0.773161,0.300955,-0.275304,-0.260438,-0.108653,1,1,0
100,3,-0.824119,0.355139,-0.285340,-0.178307,-0.237833,1,1,0
83,3,-0.878827,0.488251,-0.290811,-0.132243,-0.038339,1,0,0
91,3,-0.716800,0.389288,-0.188242,-0.153934,-0.138730,1,1,0
141,4,-0.803858,0.305593,-0.199767,-0.142990,-0.180756,1,1,0
136,4,-0.838361,0.409665,-0.157486,-0.102082,-0.050780,1,1,0
131,4,-0.677843,0.376417,-0.194102,-0.162474,-0.086487,1,1,0
146,4,-0.837165,0.326037,-0.140418,-0.221636,-0.094871,1,1,0
125,4,-0.661887,0.332801,-0.115663,-0.145180,-0.075525,1,1,0
127,4,-0.671323,0.365657,-0.051876,-0.242636,-0.122442,1,1,0
147,4,-0.796668,0.332099,-0.251619,-0.183214,-0.082888,1,1,0
140,4,-0.833617,0.330462,-0.250725,-0.196389,-0.192033,1,1,0
132,4,-0.731339,0.431983,-0.132421,-0.155888,-0.080440,1,1,0
157,4,-0.876136,0.279142,-0.161117,-0.189303,-0.163253,0,1,0
153,4,-0.845439,0.271047,-0.286956,-0.227391,-0.238464,0,1,0
133,4,-0.746067,0.346206,-0.120317,-0.113435,-0.140429,1,1,0
120,4,-0.689879,0.414480,-0.153563,-0.184542,-0.137204,1,1,0
152,4,-0.747867,0.291267,-0.245748,-0.197610,-0.196105,1,1,0
151,4,-0.873201,0.257789,-0.164734,-0.157362,-0.238808,0,1,0
121,4,-0.723317,0.425200,-0.151152,-0.090529,-0.131653,1,1,0
134,4,-0.734491,0.561192,-0.065587,-0.084657,-0.048248,1,0,0
129,4,-0.735437,0.385307,-0.171949,-0.203983,-0.180351,1,1,0
135,4,-0.762101,0.421676,-0.220563,-0.199192,-0.105423,1,1,0
124,4,-0.682799,0.471102,-0.139516,-0.110313,-0.002173,1,0,0
138,4,-0.736536,0.343454,-0.180813,-0.160618,-0.130790,1,1,0
142,4,-0.773817,0.372932,-0.257455,-0.184172,-0.294448,1,1,0
154,4,-0.729795,0.374094,-0.273030,-0.161284,-0.169719,1,1,0
150,4,-0.831993,0.403160,-0.269322,-0.175258,-0.130431,1,1,0
123,4,-0.773243,0.321817,-0.134685,-0.032589,-0.121359,1,1,0
159,4,-0.859271,0.248482,-0.165588,-0.208351,-0.178976,0,1,0
148,4,-0.756112,0.372144,-0.204647,-0.159221,-0.258303,1,1,0
137,4,-0.823340,0.371880,-0.207743,-0.140603,-0.136775,1,1,0
128,4,-0.785155,0.502182,-0.198512,-0.085907,-0.132985,1,0,0
145,4,-0.775151,0.343022,-0.287501,-0.176283,-0.126611,1,1,0
144,4,-0.782088,0.385730,-0.201995,-0.147666,-0.118004,1,1,0
143,4,-0.790191,0.312704,-0.284400,-0.193359,-0.187515,1,1,0
130,4,-0.706927,0.418618,-0.206422,-0.174218,-0.214692,1,1,0
126,4,-0.719314,0.473932,-0.225537,-0.166122,-0.026846,1,0,0
155,4,-0.827792,0.359511,-0.191416,-0.195470,-0.160002,1,1,0
156,4,-0.789707,0.423104,-0.190145,-0.256945,-0.218789,1,1,0
139,4,-0.768189,0.429315,-0.095624,-0.162455,-0.041707,1,1,0
149,4,-0.769398,0.317026,-0.277633,-0.228896,-0.162088,1,1,0
122,4,-0.676994,0.348485,-0.167119,-0.106851,-0.105903,1,1,0
158,4,-0.758412,0.300145,-0.238554,-0.288208,-0.149199,1,1,0
192,5,-0.731162,0.289543,-0.182258,-0.119692,-0.224620,1,1,0
163,5,-0.727040,0.325879,-0.120526,-0.127110,-0.082315,1,1,0
168,5,-0.629706,0.437671,-0.148370,-0.088584,-0.070402,1,0,0
177,5,-0.670733,0.474477,-0.312320,-0.109244,-0.155067,1,0,0
188,5,-0.756428,0.407297,-0.193560,-0.156069,-0.210556,1,1,0
162,5,-0.759246,0.521086,-0.232646,-0.061801,-0.028991,1,0,0
166,5,-0.679927,0.349454,-0.200781,-0.020027,-0.188325,1,1,0
190,5,-0.760840,0.293503,-0.207693,-0.246350,-0.191931,1,1,0
194,5,-0.699282,0.398419,-0.222537,-0.267290,-0.176451,1,1,0
185,5,-0.706755,0.277380,-0.314486,-0.135630,-0.133827,1,1,0
161,5,-0.541138,0.327574,-0.100362,-0.064604,-0.015407,1,0,0
175,5,-0.695362,0.398442,-0.120094,-0.084778,-0.054953,1,1,0
184,5,-0.735330,0.360699,-0.175510,-0.127348,-0.112957,1,1,0
187,5,-0.840557,0.292669,-0.186838,-0.253830,-0.181064,0,1,0
183,5,-0.652023,0.259083,-0.188071,-0.247925,-0.195786,1,1,0
170,5,-0.661613,0.320717,-0.175424,-0.117503,-0.128602,1,1,0
160,5,-0.617769,0.490317,-0.122872,-0.043146,-0.121671,1,0,0
164,5,-0.677757,0.374415,-0.102410,-0.052678,-0.058807,1,1,0
173,5,-0.647797,0.406329,-0.106637,-0.042108,-0.145328,1,1,0
186,5,-0.826512,0.279622,-0.174473,-0.203473,-0.065561,0,1,0
179,5,-0.780129,0.454942,-0.184984,-0.134872,-0.019999,1,1,0
199,5,-0.763949,0.350833,-0.211998,-0.156408,-0.083440,1,1,0
178,5,-0.641705,0.399935,-0.120107,-0.108285,-0.155916,1,1,0
181,5,-0.693091,0.299126,-0.164562,-0.203998,-0.095455,1,1,0
193,5,-0.700553,0.310679,-0.232155,-0.162023,-0.081040,1,1,0
195,5,-0.764709,0.290131,-0.216019,-0.206123,-0.057391,1,1,0
198,5,-0.787122,0.367747,-0.319584,-0.202174,-0.139954,1,1,0
189,5,-0.836880,0.354785,-0.219251,-0.154659,-0.204179,0,1,0
197,5,-0.676803,0.347599,-0.155547,-0.277360,-0.192568,1,1,0
165,5,-0.763933,0.442482,-0.227639,-0.082352,-0.119455,1,1,0
171,5,-0.546480,0.418677,-0.141402,-0.096127,-0.124560,1,0,0
182,5,-0.793892,0.367610,-0.282803,-0.198311,-0.181483,1,1,0
176,5,-0.750369,0.317700,-0.073384,-0.033816,-0.044722,1,1,0
167,5,-0.632942,0.455282,-0.092309,-0.006728,-0.083527,1,0,0
196,5,-0.726293,0.439923,-0.165910,-0.251000,-0.188846,1,1,0
191,5,-0.620112,0.276255,-0.189680,-0.141474,-0.175582,1,1,0
169,5,-0.686413,0.335064,-0.128651,-0.112832,-0.109237,1,1,0
172,5,-0.729106,0.453591,-0.097950,-0.081346,-0.120881,1,1,0
180,5,-0.796114,0.311423,-0.194917,-0.242759,-0.174941,1,1,0
174,5,-0.606464,0.381558,-0.151916,-0.035464,-0.070436,1,0,0
232,6,-0.739978,0.241243,-0.157863,-0.158637,-0.185477,0,1,0
215,6,-0.642542,0.406495,-0.107376,-0.077152,0.009738,1,1,0
234,6,-0.672766,0.280892,-0.246030,-0.132394,-0.117782,1,1,0
205,6,-0.504947,0.337360,-0.118704,-0.039812,-0.063933,1,0,0
203,6,-0.666504,0.411991,-0.152314,-0.123401,-0.022666,1,1,0
211,6,-0.624066,0.383555,-0.021834,-0.058846,-0.129058,1,1,0
229,6,-0.768608,0.292877,-0.211732,-0.120597,-0.145363,0,1,0
230,6,-0.699364,0.387033,-0.178879,-0.146055,-0.152776,1,1,0
214,6,-0.692443,0.344628,-0.114543,0.060273,0.021061,1,1,0
233,6,-0.711291,0.278408,-0.136860,-0.136406,-0.105199,1,1,0
209,6,-0.663033,0.345506,-0.003719,-0.078547,-0.083655,1,1,0
201,6,-0.632882,0.436105,-0.112956,-0.105782,-0.017156,1,1,0
231,6,-0.687881,0.379512,-0.102272,-0.244225,-0.126983,1,1,0
236,6,-0.687596,0.371896,-0.147034,-0.259536,-0.165568,1,1,0
220,6,-0.662704,0.262556,-0.171067,-0.227174,-0.137539,1,1,0
224,6,-0.745477,0.414575,-0.214811,-0.231355,-0.066231,1,1,0
206,6,-0.685656,0.484889,-0.196279,-0.122330,-0.100363,1,0,0
208,6,-0.572444,0.416660,-0.087704,-0.096430,-0.045710,1,0,0
207,6,-0.675156,0.374864,-0.009598,-0.098063,0.009576,1,1,0
238,6,-0.744117,0.359081,-0.261126,-0.216317,-0.169882,1,1,0
219,6,-0.541191,0.431035,-0.206789,-0.049195,-0.140938,1,0,0
202,6,-0.641250,0.384540,-0.171352,-0.097788,-0.067560,1,1,0
200,6,-0.544095,0.441046,-0.103471,-0.024796,0.002183,1,0,0
227,6,-0.744319,0.370142,-0.243279,-0.225130,-0.072238,1,1,0
222,6,-0.688256,0.330912,-0.211926,-0.193206,-0.179871,1,1,0
217,6,-0.724386,0.494302,-0.159573,-0.105965,-0.021328,1,0,0
226,6,-0.686747,0.316748,-0.187099,-0.176480,-0.135681,1,1,0
228,6,-0.773793,0.391145,-0.229820,-0.179128,-0.118962,1,1,0
221,6,-0.636382,0.331886,-0.170470,-0.151163,-0.105220,1,1,0
204,6,-0.682980,0.453740,-0.129378,-0.113802,-0.058769,1,1,0
212,6,-0.561894,0.428802,-0.084815,-0.148387,-0.017722,1,0,0
218,6,-0.584092,0.385074,-0.048429,-0.179451,-0.003623,1,1,0
210,6,-0.695575,0.350172,-0.103914,0.010052,-0.057591,1,1,0
213,6,-0.604093,0.404042,-0.147289,-0.084651,-0.046633,1,1,0
237,6,-0.684256,0.345571,-0.135567,-0.221176,-0.238698,1,1,0
235,6,-0.773670,0.293085,-0.298504,-0.122931,-0.215660,0,1,0
225,6,-0.723773,0.339037,-0.119993,-0.168460,-0.137635,1,1,0
216,6,-0.572885,0.438007,-0.134179,-0.222937,-0.040013,1,0,0
223,6,-0.704899,0.346864,-0.120247,-0.155613,-0.238263,1,1,0
239,6,-0.800375,0.312636,-0.146104,-0.194433,-0.152337,0,1,0
241,7,-0.584713,0.445372,-0.056627,-0.043407,-0.033941,1,0,0
274,7,-0.671080,0.328876,-0.017633,-0.203825,-0.135760,1,1,0
247,7,-0.491526,0.423360,-0.056790,-0.053549,-0.098629,1,0,0
252,7,-0.631954,0.331018,-0.087976,-0.017014,-0.172897,1,1,0
256,7,-0.581760,0.386084,-0.074629,-0.074293,-0.025440,1,1,0
255,7,-0.635304,0.411648,-0.119974,-0.035818,-0.091222,1,1,0
265,7,-0.733923,0.325880,-0.288111,-0.127705,-0.176194,0,1,0
250,7,-0.549685,0.357022,-0.181355,-0.096005,-0.095476,1,1,0
254,7,-0.490576,0.408555,-0.092033,-0.070025,-0.101248,1,0,0
257,7,-0.579757,0.369903,-0.153141,-0.070842,-0.007585,1,1,0
240,7,-0.561857,0.453204,-0.034255,-0.160578,0.046948,1,0,0
242,7,-0.623776,0.418592,-0.124969,-0.075917,-0.190269,1,1,0
244,7,-0.547419,0.435091,-0.155090,-0.060396,-0.032273,1,0,0
262,7,-0.758589,0.366017,-0.130071,-0.137906,-0.126556,0,1,0
277,7,-0.655187,0.271886,-0.308006,-0.178461,-0.090425,1,1,0
258,7,-0.578058,0.343674,-0.057760,-0.044048,-0.016776,1,1,0
263,7,-0.688518,0.383798,-0.109357,-0.173413,-0.139673,1,1,0
278,7,-0.694423,0.364642,-0.173554,-0.143857,-0.201170,1,1,0
268,7,-0.648857,0.341796,-0.140964,-0.020992,-0.140360,1,1,0
260,7,-0.668661,0.311030,-0.173108,-0.244267,-0.250261,1,1,0
253,7,-0.466690,0.354711,0.022248,-0.108313,0.014051,1,0,0
271,7,-0.704611,0.399309,-0.179938,-0.105396,-0.161152,1,1,0
249,7,-0.622147,0.318550,-0.147964,-0.031903,-0.028657,1,1,0
270,7,-0.732812,0.393320,-0.218336,-0.201737,-0.129942,1,1,0
264,7,-0.684478,0.326684,-0.198241,-0.183799,-0.109935,1,1,0
259,7,-0.586385,0.357721,-0.082729,-0.051302,0.042900,1,1,0
272,7,-0.743238,0.311985,-0.256826,-0.090992,-0.197954,0,1,0
275,7,-0.726777,0.384880,-0.185441,-0.220658,-0.122665,1,1,0
251,7,-0.531837,0.396814,-0.131117,-0.144334,-0.013300,1,0,0
245,7,-0.545389,0.415215,-0.071746,-0.073672,-0.059827,1,0,0
243,7,-0.577621,0.415853,-0.179791,-0.120577,-0.027134,1,1,0
267,7,-0.636186,0.357012,-0.142085,-0.145679,-0.054748,1,1,0
248,7,-0.637991,0.377822,-0.090862,-0.112140,-0.102751,1,1,0
269,7,-0.810435,0.308223,-0.164236,-0.062508,-0.104339,0,1,0
261,7,-0.694126,0.300511,-0.132282,-0.216509,-0.194541,1,1,0
266,7,-0.680923,0.305236,-0.167719,-0.197667,-0.201923,1,1,0
246,7,-0.656244,0.365076,-0.175608,-0.059179,0.037199,1,1,0
279,7,-0.662375,0.343415,-0.120808,-0.131993,-0.173197,1,1,0
276,7,-0.676434,0.319180,-0.104262,-0.166071,-0.124700,1,1,0
273,7,-0.624352,0.315479,-0.196652,-0.150660,-0.055468,1,1,0
310,8,-0.737833,0.311796,-0.157190,-0.160911,-0.163522,0,1,0
295,8,-0.549034,0.333988,-0.073599,-0.086789,-0.050542,1,1,0
316,8,-0.594044,0.336471,-0.179188,-0.199432,-0.126642,1,1,0
299,8,-0.560543,0.319162,-0.109537,-0.014337,-0.090464,1,1,0
306,8,-0.652239,0.215082,-0.123406,-0.139056,-0.163588,0,1,0
317,8,-0.681652,0.345146,-0.101747,-0.163837,-0.153806,1,1,0
288,8,-0.595295,0.321134,-0.040003,-0.036992,0.012192,1,1,0
286,8,-0.677822,0.468239,-0.100231,0.003834,-0.077831,1,1,0
280,8,-0.517569,0.448097,-0.152819,-0.089947,-0.092056,1,0,0
303,8,-0.690235,0.319751,-0.179419,-0.108869,-0.147780,1,1,0
292,8,-0.663918,0.430472,-0.120301,-0.059030,0.018028,1,1,0
282,8,-0.578581,0.409473,-0.038302,-0.145943,-0.038172,1,1,0
313,8,-0.674437,0.335694,-0.134754,-0.133519,-0.093538,1,1,0
294,8,-0.613827,0.389144,-0.024490,-0.034103,-0.090222,1,1,0
289,8,-0.598026,0.502472,-0.089321,-0.039111,-0.110003,1,0,0
312,8,-0.698389,0.297209,-0.195164,-0.188173,-0.082785,0,1,0
311,8,-0.708849,0.307692,-0.184814,-0.164175,-0.166308,0,1,0
307,8,-0.642498,0.299984,-0.167796,-0.138979,-0.053849,1,1,0
305,8,-0.654171,0.310814,-0.233260,-0.210007,-0.139838,1,1,0
297,8,-0.655874,0.399980,-0.076312,-0.032547,-0.041652,1,1,0
314,8,-0.727753,0.451955,-0.277418,-0.259115,-0.131399,0,1,0
290,8,-0.557907,0.486392,-0.110132,-0.032052,-0.126998,1,0,0
298,8,-0.564477,0.461119,0.036639,0.006391,-0.041117,1,0,0
315,8,-0.681691,0.339688,-0.221424,-0.187258,-0.113116,1,1,0
301,8,-0.687765,0.296488,-0.168743,-0.154461,-0.119404,0,1,0
293,8,-0.505229,0.442572,-0.113215,-0.054575,0.009556,1,0,0
300,8,-0.630404,0.316287,-0.156648,-0.134188,-0.087390,1,1,0
291,8,-0.480535,0.442129,-0.087943,-0.080788,-0.104398,1,0,0
284,8,-0.520180,0.386712,-0.079676,-0.084489,0.123587,1,0,0
308,8,-0.758322,0.353048,-0.139323,-0.129202,-0.116130,0,1,0
302,8,-0.705185,0.304484,-0.168523,-0.182503,-0.074436,0,1,0
309,8,-0.763376,0.276921,-0.233028,-0.128291,-0.188751,0,1,0
283,8,-0.467079,0.387646,-0.050383,-0.014464,-0.051608,1,0,0
285,8,-0.537143,0.426703,-0.156549,0.013851,-0.043240,1,0,0
287,8,-0.532283,0.336896,-0.125285,-0.064807,-0.046086,1,1,0
304,8,-0.744476,0.355430,-0.188782,-0.126261,-0.173539,0,1,0
296,8,-0.605772,0.340491,-0.056767,-0.188612,0.080479,1,1,0
281,8,-0.658423,0.400216,-0.040745,-0.079282,-0.058446,1,1,0
319,8,-0.670367,0.385124,-0.150378,-0.188283,-0.203911,1,1,0
318,8,-0.650654,0.394388,-0.199401,-0.105014,-0.142916,1,1,0
340,9,-0.672121,0.348221,-0.124245,-0.206948,-0.093911,1,1,0
352,9,-0.688714,0.292772,-0.140268,-0.152810,-0.134033,0,1,0
334,9,-0.600335,0.434556,-0.110851,-0.091333,-0.021867,1,1,0
320,9,-0.582363,0.469398,0.028661,-0.107623,-0.114827,1,0,0
351,9,-0.579482,0.264078,-0.094571,-0.092303,-0.127258,1,1,0
328,9,-0.650517,0.385588,-0.059280,-0.156732,0.083891,1,1,0
347,9,-0.666761,0.302515,-0.203155,-0.095803,-0.079077,1,1,0
346,9,-0.698698,0.218074,-0.214734,-0.179589,-0.084028,0,1,0
335,9,-0.546028,0.405679,-0.114044,-0.062623,0.027966,1,0,0
333,9,-0.666625,0.356259,-0.092450,-0.033280,-0.093323,1,1,0
337,9,-0.592340,0.382403,-0.099786,-0.094720,-0.040601,1,1,0
323,9,-0.592364,0.391974,-0.115627,-0.004101,0.008127,1,1,0
324,9,-0.625982,0.391052,-0.171771,-0.063750,-0.057143,1,1,0
356,9,-0.652093,0.288773,-0.170095,-0.131886,-0.211298,1,1,0
332,9,-0.501984,0.321045,-0.083499,-0.072181,-0.005364,1,0,0
331,9,-0.549203,0.390045,-0.110811,-0.066169,-0.128045,1,1,0
342,9,-0.603428,0.311205,-0.161702,-0.186763,-0.086471,1,1,0
341,9,-0.704297,0.318856,-0.172081,-0.177234,-0.217041,0,1,0
354,9,-0.636513,0.289828,-0.125731,-0.170058,-0.155797,1,1,0
322,9,-0.571419,0.439157,-0.097491,-0.098088,-0.034581,1,0,0
329,9,-0.537255,0.497296,-0.117868,-0.091741,-0.162153,1,0,0
359,9,-0.599767,0.307108,-0.171143,-0.162000,-0.179072,1,1,0
353,9,-0.725070,0.229773,-0.218043,-0.163357,-0.222403,0,1,0
338,9,-0.601793,0.401473,-0.064716,-0.031072,-0.036565,1,1,0
327,9,-0.589788,0.459500,-0.069946,-0.123363,-0.079115,1,0,0
343,9,-0.628783,0.301542,-0.186278,-0.231340,-0.073216,1,1,0
355,9,-0.700842,0.370615,-0.155939,-0.225372,-0.098104,1,1,0
349,9,-0.701731,0.350610,-0.175660,-0.211242,-0.070166,1,1,0
344,9,-0.636053,0.328146,-0.232452,-0.132303,-0.153414,1,1,0
336,9,-0.581594,0.468085,-0.065703,-0.132615,-0.031385,1,0,0
357,9,-0.667695,0.282844,-0.146510,-0.107793,-0.091821,1,1,0
330,9,-0.552372,0.435958,-0.067895,-0.049740,-0.082358,1,0,0
348,9,-0.689308,0.179847,-0.212194,-0.221490,-0.124705,0,1,0
326,9,-0.487274,0.439110,-0.126668,-0.039646,-0.065893,1,0,0
358,9,-0.765990,0.270461,-0.200736,-0.246996,-0.112786,0,1,0
321,9,-0.642062,0.404880,-0.058670,0.047401,-0.120163,1,1,0
350,9,-0.808034,0.197254,-0.213202,-0.262401,-0.090116,0,1,0
325,9,-0.584144,0.299198,-0.044312,-0.036015,-0.117896,1,1,0
339,9,-0.573198,0.387594,-0.109913,-0.059898,-0.014710,1,1,0
345,9,-0.681605,0.368584,-0.247496,-0.197377,-0.181178,1,1,0
373,10,-0.545674,0.435676,-0.171726,-0.154185,-0.159467,1,0,0
365,10,-0.494428,0.319830,-0.082694,-0.049114,-0.009542,1,0,0
361,10,-0.555545,0.383620,-0.147308,-0.068066,-0.027440,1,1,0
363,10,-0.507821,0.407949,0.006936,0.001075,-0.039809,1,0,0
381,10,-0.625900,0.261170,-0.255647,-0.131340,-0.107937,1,1,0
392,10,-0.636376,0.391706,-0.194211,-0.126075,-0.204812,1,1,0
375,10,-0.589200,0.300674,-0.102264,-0.126806,-0.042385,1,1,0
368,10,-0.639043,0.356878,-0.145749,-0.063011,-0.034916,1,1,0
377,10,-0.552464,0.481189,-0.062324,-0.009136,-0.148473,1,0,0
366,10,-0.573164,0.508168,-0.122798,-0.007240,-0.084517,1,0,0
369,10,-0.661868,0.428554,-0.139818,-0.118890,-0.025384,1,1,0
399,10,-0.650956,0.321099,-0.164061,-0.195892,-0.102150,1,1,0
372,10,-0.618855,0.400920,-0.150615,-0.058420,-0.069132,1,1,0
386,10,-0.758263,0.348647,-0.197386,-0.162531,-0.101410,0,1,0
384,10,-0.654660,0.269654,-0.124032,-0.126234,-0.077467,0,1,0
382,10,-0.699146,0.274499,-0.207708,-0.220338,-0.088397,0,1,0
371,10,-0.559826,0.442024,-0.115242,0.015354,-0.027182,1,0,0
390,10,-0.701237,0.283896,-0.224142,-0.178678,-0.056324,0,1,0
385,10,-0.646196,0.424160,-0.212178,-0.231895,-0.111548,1,1,0
370,10,-0.597473,0.345569,-0.157388,-0.083649,0.010383,1,1,0
398,10,-0.579992,0.359605,-0.159615,-0.205388,-0.046793,1,1,0
388,10,-0.582277,0.322026,-0.123356,-0.044964,-0.119271,1,1,0
360,10,-0.526229,0.333008,-0.134852,-0.045430,-0.108691,1,1,0
395,10,-0.685385,0.376465,-0.217683,-0.194388,-0.088073,1,1,0
393,10,-0.760488,0.317947,-0.191043,-0.119003,-0.078832,0,1,0
364,10,-0.481382,0.423981,-0.068310,-0.176660,0.071349,1,0,0
389,10,-0.632855,0.344547,-0.179007,-0.229868,-0.029412,1,1,0
380,10,-0.680293,0.308892,-0.124904,-0.109385,-0.068450,1,1,0
374,10,-0.578927,0.449659,-0.094296,-0.101405,-0.058664,1,0,0
367,10,-0.568063,0.359502,-0.028633,-0.076424,-0.069477,1,1,0
397,10,-0.637585,0.257627,-0.129550,-0.154881,-0.084427,0,1,0
396,10,-0.693247,0.371603,-0.286239,-0.050955,-0.120606,1,1,0
362,10,-0.609701,0.364623,-0.092664,-0.044013,-0.064328,1,1,0
383,10,-0.659113,0.284266,-0.271101,-0.059486,-0.186831,1,1,0
379,10,-0.541383,0.372550,-0.081181,-0.052528,-0.109661,1,1,0
378,10,-0.497043,0.383767,-0.168182,-0.040493,0.009635,1,0,0
391,10,-0.653830,0.214874,-0.159481,-0.053826,-0.167190,0,1,0
387,10,-0.616789,0.333028,-0.158515,-0.184929,-0.191599,1,1,0
394,10,-0.665715,0.388677,-0.231177,-0.003458,-0.204799,1,1,0
376,10,-0.628586,0.400168,-0.061427,-0.158538,-0.134063,1,1,0
436,11,-0.560113,0.274986,-0.190633,-0.192148,-0.078363,1,1,0
405,11,-0.500339,0.344136,0.012304,-0.110570,-0.136501,1,0,0
432,11,-0.664227,0.340798,-0.080372,-0.080134,-0.149293,1,1,0
415,11,-0.533283,0.489469,-0.113124,-0.092761,0.017653,1,0,0
407,11,-0.644361,0.512690,-0.094138,-0.084309,-0.102438,1,0,0
420,11,-0.625964,0.342604,-0.111529,-0.127657,-0.109603,1,1,0
439,11,-0.610553,0.378140,-0.271245,-0.056109,-0.152844,1,1,0
426,11,-0.750777,0.326722,-0.109842,-0.149903,-0.036604,0,1,0
435,11,-0.658934,0.456258,-0.226374,-0.136630,-0.091542,1,1,0
400,11,-0.586308,0.450541,-0.058939,-0.007927,0.033549,1,1,0
404,11,-0.560987,0.332867,-0.169436,0.003574,-0.021601,1,1,0
409,11,-0.575929,0.351242,-0.053724,-0.000535,-0.013660,1,1,0
401,11,-0.494589,0.399812,-0.165923,-0.172583,-0.105628,1,0,0
410,11,-0.551275,0.463779,-0.012652,-0.062142,-0.003859,1,0,0
437,11,-0.633945,0.358913,-0.260040,-0.120122,-0.129401,1,1,0
406,11,-0.520226,0.372998,-0.106358,-0.013588,0.046230,1,0,0
431,11,-0.727430,0.407375,-0.230057,-0.131567,-0.126015,0,1,0
416,11,-0.587955,0.497459,-0.049643,-0.108764,-0.078794,1,0,0
417,11,-0.526549,0.504162,-0.039348,-0.052772,0.001109,1,0,0
419,11,-0.530024,0.344738,-0.112528,-0.084527,0.003469,1,1,0
423,11,-0.639727,0.342729,-0.099796,-0.150465,-0.118046,1,1,0
411,11,-0.539862,0.376778,-0.096431,-0.031217,-0.082753,1,1,0
408,11,-0.535138,0.411244,-0.101589,-0.102788,0.004160,1,0,0
438,11,-0.592958,0.323997,-0.161146,-0.176898,-0.089904,1,1,0
425,11,-0.694727,0.414605,-0.158202,-0.274631,-0.124771,1,1,0
422,11,-0.636614,0.278210,-0.156305,-0.192873,-0.166677,1,1,0
402,11,-0.612182,0.423956,-0.060993,-0.013570,-0.099424,1,1,0
412,11,-0.618897,0.398750,-0.089358,-0.016871,-0.027718,1,1,0
418,11,-0.592744,0.348878,-0.081460,0.031722,0.037634,1,1,0
414,11,-0.635208,0.350620,-0.047920,-0.007772,-0.058500,1,1,0
403,11,-0.482934,0.465950,-0.130728,-0.050121,0.022056,1,0,0
424,11,-0.693165,0.323804,-0.129208,-0.230294,-0.061413,0,1,0
430,11,-0.644260,0.301119,-0.194343,-0.109936,-0.127111,1,1,0
434,11,-0.573857,0.347673,-0.197565,-0.114069,-0.054011,1,1,0
421,11,-0.719067,0.356597,-0.200878,-0.155464,-0.059075,0,1,0
429,11,-0.637290,0.271000,-0.122606,-0.186972,-0.162307,1,1,0
433,11,-0.722263,0.280130,-0.214992,-0.085593,-0.114297,0,1,0
427,11,-0.730787,0.389759,-0.159216,-0.065917,-0.104199,0,1,0
413,11,-0.510840,0.353723,-0.081082,-0.099213,-0.006998,1,0,0
428,11,-0.554606,0.270772,-0.162969,-0.216422,-0.069674,1,1,0
472,12,-0.704108,0.333560,-0.131830,-0.216586,-0.113643,0,1,0
467,12,-0.652057,0.388097,-0.116935,-0.155624,-0.120227,1,1,0
457,12,-0.580401,0.452617,-0.073077,-0.066394,0.042283,1,1,0
442,12,-0.560362,0.402853,-0.053856,-0.030764,-0.015980,1,1,0
479,12,-0.629952,0.354178,-0.142607,-0.206567,-0.148993,1,1,0
447,12,-0.467466,0.385099,-0.132996,-0.027416,0.042982,1,0,0
460,12,-0.557785,0.379503,-0.139769,-0.084710,-0.157346,1,1,0
444,12,-0.571952,0.474108,-0.065645,0.089791,-0.063411,1,0,0
455,12,-0.517366,0.385348,-0.023863,-0.066385,0.035243,1,1,0
459,12,-0.555846,0.375851,-0.078394,-0.072727,-0.034838,1,1,0
473,12,-0.657064,0.274336,-0.202707,-0.141004,-0.163042,0,1,0
464,12,-0.621220,0.293517,-0.175357,-0.137501,-0.107136,1,1,0
475,12,-0.638499,0.329384,-0.145710,-0.120569,-0.045264,1,1,0
446,12,-0.560173,0.357062,-0.055009,-0.111315,-0.044206,1,1,0
453,12,-0.473859,0.506045,-0.078915,-0.070545,0.041994,1,0,0
445,12,-0.577707,0.353317,-0.046265,-0.019239,-0.057983,1,1,0
468,12,-0.620139,0.368823,-0.186779,-0.133354,-0.126449,1,1,0
474,12,-0.629447,0.294831,-0.147043,-0.122277,-0.169384,1,1,0
452,12,-0.578634,0.405903,-0.064060,0.030744,-0.050612,1,1,0
449,12,-0.622715,0.428375,-0.111093,-0.021311,0.038663,1,1,0
476,12,-0.709834,0.267947,-0.096783,-0.056325,-0.197773,0,1,0
471,12,-0.615144,0.291290,-0.198187,-0.115264,-0.043670,1,1,0
461,12,-0.567249,0.371978,-0.125240,-0.064092,-0.061098,1,1,0
456,12,-0.637321,0.426362,-0.046040,-0.025578,-0.010657,1,1,0
466,12,-0.613473,0.281595,-0.136342,0.032567,-0.116022,1,1,0
469,12,-0.621193,0.292468,-0.160968,-0.168755,-0.155509,1,1,0
465,12,-0.705322,0.407917,-0.121888,-0.037460,-0.034175,0,1,0
463,12,-0.586741,0.356819,-0.238189,-0.188441,-0.072109,1,1,0
458,12,-0.522365,0.335204,-0.024246,-0.058483,-0.059195,1,1,0
450,12,-0.469169,0.317176,-0.057797,0.037713,-0.055195,1,0,0
454,12,-0.619517,0.401422,-0.085763,-0.097737,0.022060,1,1,0
478,12,-0.721619,0.351748,-0.099955,-0.071431,-0.017812,0,1,0
448,12,-0.503740,0.421574,-0.126485,0.035108,0.012443,1,0,0
451,12,-0.538568,0.349765,-0.003900,-0.089182,-0.044177,1,1,0
462,12,-0.536620,0.371103,-0.254306,-0.051408,-0.152459,1,1,0
440,12,-0.596688,0.415558,-0.050194,-0.108321,-0.081747,1,1,0
441,12,-0.461490,0.300909,-0.092964,-0.033223,-0.007132,1,0,0
477,12,-0.657413,0.391682,-0.155223,-0.102029,-0.098565,1,1,0
443,12,-0.573014,0.306327,-0.114733,-0.051880,-0.022875,1,1,0
470,12,-0.662352,0.227812,-0.172635,-0.096161,-0.141859,0,1,0
483,13,-0.491190,0.503884,-0.082883,-0.065925,-0.081679,1,0,0
482,13,-0.460909,0.436525,-0.071834,-0.017649,-0.034742,1,0,0
513,13,-0.597058,0.176417,-0.141785,-0.134834,-0.070606,0,1,0
504,13,-0.531223,0.228374,-0.158844,-0.183588,-0.145642,0,1,0
495,13,-0.523480,0.419880,-0.004975,0.013138,0.037154,1,1,0
501,13,-0.600464,0.326900,-0.126888,-0.027457,-0.095227,1,1,0
485,13,-0.502202,0.434502,-0.086357,-0.026180,-0.001939,1,0,0
480,13,-0.490451,0.420094,-0.101751,-0.067785,-0.066594,1,0,0
519,13,-0.617131,0.330765,-0.138332,-0.139374,-0.052336,1,1,0
514,13,-0.574123,0.310278,-0.100488,-0.126429,-0.079510,1,1,0
488,13,-0.523949,0.367539,-0.032080,-0.066925,0.009941,1,1,0
486,13,-0.460018,0.315462,-0.007641,-0.080531,-0.040662,1,0,0
503,13,-0.627057,0.334257,-0.144301,-0.168902,-0.149116,1,1,0
481,13,-0.522615,0.433133,-0.063409,-0.108889,-0.083015,1,1,0
487,13,-0.464428,0.461124,-0.027780,-0.049389,-0.115080,1,0,0
516,13,-0.675510,0.326251,-0.171006,-0.085457,-0.102094,0,1,0
498,13,-0.508462,0.319897,-0.036068,-0.068020,0.021620,1,1,0
502,13,-0.716428,0.382005,-0.126397,-0.007277,-0.134378,0,1,0
505,13,-0.581727,0.300145,-0.140929,-0.131852,-0.114160,1,1,0
491,13,-0.494742,0.386187,-0.081705,-0.087387,-0.079958,1,1,0
496,13,-0.679670,0.373367,-0.031521,-0.014616,0.038526,1,1,0
512,13,-0.572227,0.287057,-0.069865,-0.092977,-0.055443,1,1,0
508,13,-0.669382,0.293156,-0.107934,-0.025217,-0.011141,0,1,0
509,13,-0.574263,0.288513,-0.015036,-0.099598,-0.189151,1,1,0
494,13,-0.564339,0.396937,0.028634,-0.011332,0.051067,1,1,0
493,13,-0.412243,0.384823,-0.039128,-0.027558,0.004431,1,0,0
507,13,-0.593270,0.350093,-0.172812,-0.020502,-0.046573,1,1,0
506,13,-0.513902,0.363783,-0.003116,-0.145514,-0.162791,1,1,0
489,13,-0.518348,0.429304,-0.058239,-0.065772,0.051659,1,1,0
510,13,-0.695363,0.350467,-0.165943,-0.151190,-0.075520,0,1,0
515,13,-0.669119,0.355049,-0.041516,-0.166294,-0.100858,1,1,0
518,13,-0.597760,0.236337,-0.171995,-0.012608,-0.151021,0,1,0
497,13,-0.520526,0.408728,-0.091529,-0.060894,0.063246,1,1,0
499,13,-0.478105,0.301865,-0.081658,0.027175,-0.056733,1,1,0
517,13,-0.638084,0.325211,-0.082570,-0.054760,-0.166816,1,1,0
490,13,-0.484552,0.459686,-0.086359,0.014906,-0.004253,1,0,0
492,13,-0.539155,0.420535,-0.146428,-0.031878,-0.039877,1,1,0
511,13,-0.651121,0.275195,-0.080903,-0.136893,-0.162508,0,1,0
500,13,-0.655602,0.391733,-0.129655,-0.192136,-0.083725,1,1,0
484,13,-0.567873,0.472871,-0.000505,0.002449,-0.033142,1,0,0
520,14,-0.497258,0.414929,-0.029778,-0.022382,0.008980,1,1,0
556,14,-0.528557,0.424762,-0.169258,-0.125141,-0.122920,1,1,0
557,14,-0.553681,0.372159,-0.030379,-0.188049,-0.141438,1,1,0
547,14,-0.550335,0.362151,-0.155492,-0.140054,-0.040154,1,1,0
538,14,-0.431955,0.377688,-0.004074,-0.020598,-0.030576,1,0,0
524,14,-0.476896,0.429331,-0.118620,0.033936,-0.081631,1,1,0
551,14,-0.599523,0.249654,-0.138940,-0.098545,-0.117050,0,1,0
535,14,-0.541424,0.443169,0.004617,0.004453,0.056396,1,1,0
546,14,-0.586271,0.354727,-0.079635,-0.123342,-0.114789,1,1,0
549,14,-0.528446,0.332608,-0.094209,-0.082076,-0.156018,1,1,0
545,14,-0.570276,0.305982,0.000164,-0.046809,-0.182597,1,1,0
558,14,-0.572504,0.319609,-0.174349,-0.072536,-0.083936,1,1,0
553,14,-0.568170,0.310551,-0.164420,-0.003062,-0.154245,1,1,0
523,14,-0.383201,0.353213,-0.119662,-0.088969,0.015955,1,0,0
548,14,-0.668917,0.356690,-0.144752,-0.130481,-0.039385,0,1,0
532,14,-0.421733,0.401326,-0.006426,0.038056,0.006613,1,0,0
533,14,-0.493259,0.428690,-0.089698,-0.017496,0.056352,1,1,0
537,14,-0.510567,0.393031,-0.115933,-0.035727,-0.057321,1,1,0
521,14,-0.551806,0.493989,-0.147791,0.045977,0.009201,1,0,0
539,14,-0.571618,0.458245,0.043104,0.030743,-0.088121,1,1,0
530,14,-0.576055,0.419405,-0.074707,0.010653,0.023531,1,1,0
529,14,-0.543286,0.389388,-0.123241,-0.098933,-0.063242,1,1,0
559,14,-0.575668,0.405817,-0.142106,-0.198078,0.005636,1,1,0
526,14,-0.498077,0.401712,-0.092899,-0.024568,0.106561,1,1,0
531,14,-0.495377,0.509371,-0.130658,-0.092827,-0.032756,1,0,0
542,14,-0.495370,0.404645,-0.083443,-0.016889,-0.098678,1,1,0
550,14,-0.565130,0.412595,-0.120921,-0.105531,-0.099226,1,1,0
540,14,-0.605408,0.358951,-0.183549,-0.228693,-0.105079,1,1,0
554,14,-0.600914,0.328186,-0.137433,-0.059064,-0.168153,1,1,0
528,14,-0.582852,0.405858,-0.079709,-0.063499,-0.012409,1,1,0
534,14,-0.518177,0.373437,-0.098088,-0.035188,0.021494,1,1,0
541,14,-0.607849,0.340916,-0.048039,-0.005417,-0.112566,1,1,0
552,14,-0.573381,0.349489,-0.094226,-0.098724,-0.032899,1,1,0
536,14,-0.539766,0.413117,-0.007868,-0.030063,-0.007940,1,1,0
543,14,-0.579455,0.319315,-0.152268,-0.107362,-0.084194,1,1,0
525,14,-0.549529,0.433595,-0.103003,-0.015528,0.014715,1,1,0
555,14,-0.528281,0.292263,-0.119313,-0.138510,-0.066615,1,1,0
544,14,-0.611885,0.452179,-0.144359,-0.088337,-0.090662,1,1,0
522,14,-0.478532,0.407623,-0.004561,-0.109851,0.018904,1,1,0
527,14,-0.502111,0.430188,-0.016823,-0.070575,0.107666,1,1,0
597,15,-0.470439,0.324671,-0.182498,-0.102244,-0.149842,1,1,0
573,15,-0.510123,0.354746,-0.019169,-0.052306,-0.007133,1,1,0
583,15,-0.598377,0.364253,-0.100024,-0.014447,-0.047037,1,1,0
596,15,-0.548612,0.359216,-0.001398,-0.092972,-0.134397,1,1,0
582,15,-0.581089,0.338936,-0.004332,-0.091023,0.038918,1,1,0
564,15,-0.425576,0.403813,-0.088395,-0.008238,-0.035526,1,1,0
595,15,-0.499401,0.391415,-0.176269,-0.084375,-0.076463,1,1,0
569,15,-0.614242,0.472977,-0.014672,0.036786,-0.002156,1,0,0
568,15,-0.552953,0.326297,-0.104600,0.060240,0.082172,1,1,0
570,15,-0.523927,0.495362,-0.010267,0.027923,-0.138390,1,0,0
598,15,-0.510459,0.292225,-0.152609,-0.049058,-0.174258,1,1,0
588,15,-0.567822,0.349178,-0.102894,0.012169,-0.080946,1,1,0
562,15,-0.498446,0.481383,0.004245,-0.063712,-0.009686,1,0,0
571,15,-0.506870,0.528465,-0.039188,-0.053446,0.062599,1,0,0
581,15,-0.542837,0.312928,-0.201803,-0.051954,-0.065912,1,1,0
599,15,-0.548552,0.321388,-0.162401,-0.060510,-0.001062,1,1,0
594,15,-0.588634,0.230884,-0.056783,-0.010391,-0.124117,0,1,0
593,15,-0.493519,0.277844,-0.095739,-0.190970,-0.065972,1,1,0
587,15,-0.631882,0.381900,-0.059357,-0.163618,-0.110195,1,1,0
567,15,-0.492704,0.380922,-0.035410,-0.085501,0.032933,1,1,0
565,15,-0.507072,0.376476,-0.029499,-0.117886,0.037217,1,1,0
580,15,-0.524285,0.345458,-0.045560,-0.040716,-0.060539,1,1,0
560,15,-0.534258,0.421535,-0.078370,-0.066797,-0.023591,1,1,0
572,15,-0.524260,0.349823,-0.061954,-0.011109,-0.010928,1,1,0
575,15,-0.389155,0.375969,-0.130147,-0.086470,0.117551,1,0,0
592,15,-0.583526,0.355208,-0.122830,-0.058053,-0.008544,1,1,0
589,15,-0.572891,0.334213,-0.048704,-0.039231,-0.045449,1,1,0
578,15,-0.430266,0.377996,-0.021195,-0.008509,0.063667,1,1,0
590,15,-0.539333,0.377763,-0.154057,-0.121912,-0.072867,1,1,0
586,15,-0.562286,0.367879,-0.033229,-0.051833,-0.114702,1,1,0
579,15,-0.480265,0.435484,0.023099,-0.010641,0.044903,1,1,0
563,15,-0.539914,0.439707,0.011107,-0.087122,0.022279,1,1,0
591,15,-0.595654,0.291029,-0.107207,-0.025734,-0.047553,1,1,0
574,15,-0.455681,0.327029,-0.036686,-0.032961,0.042451,1,1,0
577,15,-0.556798,0.432576,0.006078,-0.039901,-0.124514,1,1,0
576,15,-0.446595,0.410190,-0.011321,0.023070,0.007081,1,1,0
561,15,-0.486763,0.352061,-0.054419,-0.060160,-0.010007,1,1,0
585,15,-0.561964,0.373929,-0.116009,-0.099066,0.019924,1,1,0
566,15,-0.434296,0.458791,-0.073922,-0.077918,0.087676,1,0,0
584,15,-0.615946,0.374563,-0.179776,0.006650,-0.085330,1,1,0
622,16,-0.549531,0.290383,-0.057856,-0.071729,-0.066932,1,1,0
614,16,-0.475633,0.455007,-0.068981,-0.049363,0.016812,1,1,0
626,16,-0.512345,0.443935,-0.118949,-0.038287,-0.080002,1,1,0
619,16,-0.446937,0.404189,-0.092251,-0.015838,0.031764,1,1,0
609,16,-0.564830,0.418524,-0.102993,-0.014455,0.091037,1,1,0
625,16,-0.527887,0.335501,-0.067251,-0.033409,-0.002649,1,1,0
611,16,-0.515331,0.436599,-0.090739,0.055869,-0.034714,1,1,0
627,16,-0.565514,0.447047,-0.076596,-0.059330,-0.137208,1,1,0
608,16,-0.389005,0.435915,-0.048604,-0.027578,-0.053862,1,0,0
616,16,-0.617684,0.388921,0.021268,-0.065870,-0.119457,1,1,0
630,16,-0.470381,0.372696,-0.082026,-0.113588,-0.088775,1,1,0
606,16,-0.465829,0.378033,-0.071038,-0.052796,-0.059746,1,1,0
610,16,-0.442718,0.403001,-0.060568,-0.023637,0.018266,1,1,0
638,16,-0.539662,0.446965,-0.075348,-0.093656,-0.094345,1,1,0
603,16,-0.513637,0.378370,-0.059303,0.003313,0.018030,1,1,0
617,16,-0.610446,0.449543,-0.063261,-0.075399,0.046532,1,1,0
602,16,-0.403159,0.368072,-0.019971,-0.026257,-0.174428,1,1,0
631,16,-0.581434,0.302637,-0.020359,-0.049183,-0.118459,1,1,0
600,16,-0.569937,0.421096,0.006980,0.015163,-0.012140,1,1,0
637,16,-0.531187,0.297539,-0.027858,-0.055660,0.054223,1,1,0
624,16,-0.484031,0.372118,-0.165660,-0.098444,0.002581,1,1,0
601,16,-0.467766,0.330797,-0.048039,0.005594,-0.017870,1,1,0
612,16,-0.453923,0.403062,-0.067474,0.051562,0.011198,1,1,0
634,16,-0.532497,0.413348,-0.022787,-0.087518,-0.045830,1,1,0
636,16,-0.472160,0.399270,-0.040596,-0.111622,-0.010238,1,1,0
633,16,-0.481807,0.310983,-0.116446,-0.053013,-0.087261,1,1,0
613,16,-0.507316,0.331038,0.017654,-0.092112,0.018645,1,1,0
607,16,-0.496802,0.466814,-0.013696,-0.023987,0.017357,1,1,0
618,16,-0.582959,0.404227,-0.004762,0.020855,-0.039807,1,1,0
605,16,-0.424875,0.416272,-0.022226,-0.056845,0.100948,1,1,0
604,16,-0.556449,0.362859,-0.108162,-0.022448,-0.017953,1,1,0
623,16,-0.611737,0.310795,-0.072909,-0.073157,-0.029788,1,1,0
615,16,-0.545125,0.388234,-0.000374,-0.101947,0.033213,1,1,0
629,16,-0.500472,0.365941,-0.114721,-0.038945,-0.041593,1,1,0
620,16,-0.553649,0.354930,-0.088783,0.010113,-0.038380,1,1,0
628,16,-0.450898,0.370502,-0.008173,-0.060464,-0.002911,1,1,0
621,16,-0.442403,0.356971,-0.038226,-0.032617,-0.046444,1,1,0
635,16,-0.511511,0.387194,-0.146958,-0.046258,-0.065138,1,1,0
632,16,-0.590192,0.274385,-0.010689,-0.105062,-0.128185,0,1,0
639,16,-0.510901,0.391866,-0.149610,-0.018160,0.016674,1,1,0
651,17,-0.465554,0.488133,-0.103194,-0.014670,0.006656,1,0,0
644,17,-0.469809,0.455266,-0.100786,0.072978,0.032487,1,1,0
658,17,-0.557270,0.494656,0.029054,-0.085064,0.081000,1,0,0
655,17,-0.449690,0.449553,-0.038338,-0.024684,0.071371,1,1,0
641,17,-0.433179,0.395973,-0.080617,0.033815,0.048795,1,1,0
678,17,-0.451936,0.285710,-0.049281,-0.082108,-0.073339,1,1,0
660,17,-0.598603,0.385980,-0.036485,-0.089529,-0.117029,1,1,0
677,17,-0.548845,0.367886,-0.171480,-0.085374,-0.045401,1,1,0
667,17,-0.599291,0.289717,-0.157650,-0.070879,-0.038106,1,1,0
672,17,-0.420235,0.364381,-0.173822,-0.161547,-0.021228,1,1,0
659,17,-0.596563,0.402036,-0.150034,0.007011,-0.034309,1,1,0
671,17,-0.602747,0.404377,-0.025752,-0.073447,-0.094955,1,1,0
642,17,-0.490660,0.436796,-0.122984,0.010607,-0.039114,1,1,0
640,17,-0.552400,0.421624,-0.002176,-0.027201,0.044920,1,1,0
663,17,-0.505731,0.346820,-0.025801,-0.047049,-0.077161,1,1,0
668,17,-0.521261,0.354996,-0.100727,0.005408,0.002278,1,1,0
679,17,-0.567835,0.267237,-0.117840,-0.097090,-0.067849,1,1,0
670,17,-0.526603,0.401010,-0.029827,-0.135896,-0.062427,1,1,0
656,17,-0.467471,0.477232,0.025475,-0.022491,-0.011642,1,0,0
669,17,-0.560520,0.264662,-0.067699,-0.061580,-0.089607,1,1,0
676,17,-0.468276,0.325827,-0.161642,-0.030324,0.047293,1,1,0
666,17,-0.476732,0.505105,-0.140319,-0.114061,0.021425,1,1,0
652,17,-0.427838,0.529021,-0.058172,0.011759,-0.044306,1,0,0
645,17,-0.462436,0.463082,-0.157534,-0.083252,-0.027977,1,1,0
653,17,-0.534599,0.319844,-0.017428,-0.062944,0.036347,1,1,0
643,17,-0.559395,0.441898,-0.047960,-0.004792,-0.058441,1,1,0
649,17,-0.575883,0.402709,-0.119924,-0.025969,-0.080961,1,1,0
661,17,-0.570052,0.281866,-0.037397,0.013374,0.037370,1,1,0
662,17,-0.534506,0.219176,-0.133106,-0.025904,-0.102521,0,1,0
647,17,-0.411579,0.340692,-0.103223,0.035418,0.023633,1,1,0
646,17,-0.422165,0.386866,-0.059131,-0.023666,-0.048466,1,1,0
674,17,-0.557220,0.262395,-0.092823,-0.034203,-0.139004,1,1,0
650,17,-0.454826,0.364264,-0.020511,-0.063159,0.013966,1,1,0
665,17,-0.443386,0.407424,-0.074524,-0.093067,-0.070142,1,1,0
654,17,-0.363062,0.389030,-0.080731,-0.083563,0.006910,1,0,0
673,17,-0.526569,0.300693,-0.151002,-0.105565,0.034530,1,1,0
675,17,-0.575404,0.274473,-0.098062,-0.180508,0.059707,1,1,0
664,17,-0.505730,0.383526,0.052942,-0.020295,-0.049060,1,1,0
657,17,-0.518655,0.386868,-0.096001,-0.005454,-0.018799,1,1,0
648,17,-0.487211,0.482975,-0.121162,-0.084228,-0.017023,1,0,0
683,18,-0.508583,0.361288,-0.006089,0.012968,-0.051298,1,1,0
689,18,-0.482077,0.403568,-0.016624,-0.063843,0.012791,1,1,0
701,18,-0.561274,0.398783,-0.185856,0.039569,-0.061898,1,1,0
691,18,-0.496211,0.450345,-0.057369,-0.012750,-0.021356,1,1,0
712,18,-0.618617,0.296465,-0.166831,-0.108027,0.019593,0,1,0
703,18,-0.551813,0.415442,-0.043325,-0.104626,-0.081787,1,1,0
692,18,-0.494302,0.332554,0.033332,-0.024636,-0.023480,1,1,0
700,18,-0.570640,0.333629,-0.079344,-0.060167,-0.076208,1,1,0
693,18,-0.396724,0.396323,-0.004958,-0.112377,0.025592,1,1,0
688,18,-0.390367,0.296499,-0.057108,-0.025108,0.042275,1,1,0
714,18,-0.502269,0.321359,-0.107626,-0.054476,-0.118023,1,1,0
685,18,-0.475562,0.306455,0.075956,-0.020160,-0.043502,1,1,0
705,18,-0.598401,0.268097,-0.040309,-0.056355,-0.124627,0,1,0
696,18,-0.487876,0.403200,-0.117844,-0.003905,-0.073518,1,1,0
710,18,-0.564037,0.320214,-0.083845,-0.024330,-0.023931,1,1,0
711,18,-0.483439,0.350347,-0.148978,-0.072587,-0.131017,1,1,0
717,18,-0.519869,0.390898,-0.030614,-0.118420,-0.012493,1,1,0
690,18,-0.445794,0.341784,-0.139132,-0.027226,-0.005325,1,1,0
698,18,-0.466222,0.349916,-0.086755,-0.060619,-0.062771,1,1,0
680,18,-0.470298,0.260266,-0.102256,-0.065977,0.013544,1,1,0
702,18,-0.609540,0.294936,-0.093654,-0.149948,-0.059844,0,1,0
699,18,-0.508354,0.393332,-0.041501,0.031272,0.032033,1,1,0
719,18,-0.499018,0.311211,-0.159889,-0.024298,0.015724,1,1,0
681,18,-0.445120,0.325520,-0.123740,-0.056152,-0.033959,1,1,0
716,18,-0.487037,0.288342,-0.024917,-0.084420,-0.055393,1,1,0
708,18,-0.556419,0.354635,-0.100752,-0.054466,-0.035701,1,1,0
684,18,-0.520744,0.373016,-0.042399,0.006232,0.048853,1,1,0
718,18,-0.638322,0.232402,-0.094260,-0.040649,-0.064240,0,1,0
697,18,-0.598814,0.438239,-0.082396,-0.033017,-0.021590,1,1,0
715,18,-0.340763,0.371603,-0.070582,-0.055521,-0.035831,1,1,0
709,18,-0.494460,0.321914,-0.165199,-0.036641,-0.066847,1,1,0
706,18,-0.496144,0.383693,-0.097480,-0.191344,-0.072541,1,1,0
694,18,-0.478848,0.444999,0.026998,-0.009112,-0.021317,1,1,0
704,18,-0.498884,0.346602,-0.089994,-0.035079,0.038963,1,1,0
707,18,-0.450124,0.428838,-0.057515,-0.032137,0.020642,1,1,0
686,18,-0.464254,0.345181,-0.074042,-0.042930,0.013629,1,1,0
713,18,-0.563215,0.289067,-0.118895,-0.069260,-0.043561,1,1,0
695,18,-0.449221,0.375493,-0.023021,0.010963,0.035353,1,1,0
682,18,-0.417686,0.445180,-0.016158,0.108021,-0.014244,1,0,0
687,18,-0.519287,0.341156,-0.011941,0.066131,0.097400,1,1,0
733,19,-0.482909,0.374094,-0.041734,0.010022,0.027840,1,1,0
748,19,-0.485974,0.338311,-0.162139,-0.009765,0.041555,1,1,0
746,19,-0.576885,0.335169,-0.167890,-0.023458,-0.154213,1,1,0
736,19,-0.438703,0.355565,0.049062,-0.040648,-0.058070,1,1,0
722,19,-0.440807,0.396130,-0.014904,-0.043606,-0.011267,1,1,0
750,19,-0.538821,0.281600,-0.074800,-0.170712,0.010844,1,1,0
758,19,-0.528480,0.290289,-0.088907,-0.059937,-0.052312,1,1,0
742,19,-0.542492,0.385320,-0.148030,-0.133196,-0.067002,1,1,0
739,19,-0.338054,0.484403,-0.035818,-0.014407,-0.061874,1,0,0
745,19,-0.500871,0.368281,-0.049490,-0.018568,-0.018322,1,1,0
749,19,-0.479516,0.258182,-0.151811,-0.048170,-0.041229,1,1,0
732,19,-0.395390,0.476704,-0.109492,-0.009596,0.019126,1,0,0
729,19,-0.484254,0.277356,-0.043854,-0.069233,0.088045,1,1,0
738,19,-0.441533,0.413213,-0.018827,-0.055199,0.028879,1,1,0
756,19,-0.581841,0.350312,-0.120048,-0.042954,-0.121730,1,1,0
752,19,-0.451070,0.333834,-0.128875,-0.033918,-0.072208,1,1,0
720,19,-0.551564,0.434486,-0.001593,-0.016796,0.008882,1,1,0
759,19,-0.477510,0.297072,-0.114556,-0.076329,-0.044293,1,1,0
724,19,-0.531363,0.313843,-0.085408,-0.048262,-0.045639,1,1,0
751,19,-0.553800,0.339396,-0.063245,-0.043408,-0.068308,1,1,0
728,19,-0.452426,0.401294,-0.028214,0.016375,0.062223,1,1,0
727,19,-0.466710,0.394131,-0.063009,0.002914,-0.034759,1,1,0
741,19,-0.579124,0.305150,-0.121434,-0.128955,-0.042709,1,1,0
754,19,-0.576446,0.374845,-0.038867,0.024145,-0.091253,1,1,0
725,19,-0.491152,0.342806,-0.112404,0.033103,0.040773,1,1,0
726,19,-0.493660,0.330220,-0.057773,-0.140946,0.058390,1,1,0
734,19,-0.427161,0.346168,-0.044222,-0.030941,0.046160,1,1,0
744,19,-0.529439,0.344789,-0.115646,-0.096228,-0.044257,1,1,0
757,19,-0.458023,0.390365,-0.162768,-0.005678,-0.083027,1,1,0
723,19,-0.418203,0.390860,-0.038593,0.036003,0.009378,1,1,0
743,19,-0.539174,0.344272,-0.151324,-0.084963,-0.083590,1,1,0
755,19,-0.492679,0.326080,-0.110240,0.025694,-0.119526,1,1,0
747,19,-0.538893,0.317590,-0.145933,-0.072511,-0.081221,1,1,0
737,19,-0.470674,0.377285,-0.007497,-0.046998,-0.056106,1,1,0
730,19,-0.416396,0.312775,0.036742,0.033949,-0.004979,1,1,0
731,19,-0.438901,0.381556,-0.098895,0.015444,0.010924,1,1,0
740,19,-0.519054,0.269955,-0.055270,-0.078830,0.001497,1,1,0
721,19,-0.390783,0.477845,-0.043875,-0.042389,0.074577,1,0,0
753,19,-0.514998,0.289785,-0.058505,-0.124773,-0.070187,1,1,0
735,19,-0.511183,0.336846,0.061609,0.088909,0.039287,1,1,0
791,20,-0.468252,0.433847,-0.073422,-0.051996,-0.023090,1,1,0
761,20,-0.434924,0.409637,0.031626,-0.021568,0.033346,1,1,0
781,20,-0.469252,0.351108,-0.029379,-0.104067,-0.090118,1,1,0
760,20,-0.417451,0.366239,-0.020230,-0.005501,-0.025865,1,1,0
780,20,-0.481574,0.172971,-0.048977,-0.145157,-0.136778,0,1,0
797,20,-0.535613,0.278005,-0.050949,-0.193134,-0.117666,1,1,0
798,20,-0.400707,0.404992,-0.107173,-0.058703,-0.059930,1,1,0
762,20,-0.512395,0.394150,-0.016223,-0.040322,-0.001089,1,1,0
786,20,-0.617504,0.360254,-0.018820,-0.204971,-0.034615,0,1,0
790,20,-0.466788,0.296501,-0.146055,-0.061896,-0.105846,1,1,0
788,20,-0.527277,0.415958,0.013622,0.029911,-0.035670,1,1,0
794,20,-0.497705,0.339797,-0.144699,-0.035608,-0.025413,1,1,0
792,20,-0.530052,0.274909,-0.045324,-0.078437,-0.052322,1,1,0
779,20,-0.513273,0.326781,-0.025455,0.034346,0.039880,1,1,0
763,20,-0.349803,0.472517,-0.001027,-0.020075,0.088539,1,0,0
785,20,-0.516478,0.197540,-0.046552,-0.084742,-0.014034,0,1,0
765,20,-0.442092,0.426478,-0.101963,-0.031898,0.026096,1,1,0
799,20,-0.530115,0.274678,-0.162755,-0.127322,-0.018909,1,1,0
773,20,-0.415733,0.446987,-0.021216,0.024134,0.067387,1,0,0
775,20,-0.546643,0.404803,0.121286,0.067405,-0.036492,1,1,0
793,20,-0.573502,0.378391,-0.078105,-0.042491,-0.014820,1,1,0
774,20,-0.422654,0.496158,0.010500,-0.045375,0.064060,1,0,0
795,20,-0.526921,0.260062,-0.145238,-0.069543,-0.074182,0,1,0
772,20,-0.410736,0.394263,0.070040,0.033329,0.074247,1,1,0
764,20,-0.416014,0.346634,0.055336,0.023408,-0.013089,1,1,0
784,20,-0.555070,0.375326,-0.051794,-0.151807,-0.028603,1,1,0
766,20,-0.432549,0.466297,-0.060569,-0.025455,-0.018989,1,0,0
767,20,-0.445569,0.472370,-0.033230,-0.044883,0.094995,1,0,0
769,20,-0.525052,0.377143,0.015481,0.003110,0.097332,1,1,0
776,20,-0.485211,0.419987,-0.076022,0.005916,0.022301,1,1,0
768,20,-0.465475,0.375637,0.009832,-0.019125,0.091621,1,1,0
796,20,-0.654974,0.266153,-0.058007,0.006967,-0.119181,0,1,0
777,20,-0.437068,0.373618,-0.076907,-0.015187,0.023433,1,1,0
789,20,-0.526891,0.425022,-0.058292,0.022503,-0.077356,1,1,0
770,20,-0.479393,0.410467,-0.041098,-0.042891,0.011704,1,1,0
778,20,-0.364965,0.320294,0.010418,0.062773,-0.080115,1,0,0
771,20,-0.394819,0.327738,-0.029389,0.055707,-0.000633,1,1,0
783,20,-0.488494,0.234780,-0.199741,-0.029175,-0.066261,0,1,0
782,20,-0.642435,0.307682,-0.033066,-0.031399,-0.099134,0,1,0
787,20,-0.579674,0.328599,-0.117095,-0.113179,-0.019048,0,1,0
817,21,-0.409242,0.394066,-0.023820,-0.038046,0.079316,1,1,0
812,21,-0.363112,0.327339,-0.001339,-0.001114,0.034797,1,1,0
829,21,-0.470707,0.379552,-0.032255,-0.057605,0.001161,1,1,0
825,21,-0.434158,0.328933,-0.175420,-0.103806,-0.003818,1,1,0
834,21,-0.504126,0.355253,-0.136825,-0.086533,-0.092690,1,1,0
818,21,-0.405536,0.385451,0.041176,-0.008645,0.053806,1,1,0
835,21,-0.482627,0.292631,-0.134338,-0.131693,0.017399,1,1,0
836,21,-0.426353,0.347921,-0.163322,-0.059800,-0.073750,1,1,0
807,21,-0.477720,0.335793,-0.002694,0.091703,-0.017147,1,1,0
801,21,-0.402294,0.435193,-0.046595,0.054851,-0.003905,1,0,0
819,21,-0.359499,0.388228,-0.003631,-0.047739,0.043070,1,0,0
839,21,-0.523045,0.408502,-0.127264,-0.032608,-0.129678,1,1,0
816,21,-0.357127,0.368194,-0.149454,0.040914,0.055948,1,0,0
824,21,-0.398144,0.295191,-0.087280,-0.011315,-0.020099,1,1,0
823,21,-0.561488,0.302906,-0.077467,-0.097487,-0.055469,0,1,0
800,21,-0.464708,0.408148,-0.031245,-0.038016,0.094703,1,1,0
810,21,-0.486227,0.364673,-0.025474,0.030881,0.076631,1,1,0
808,21,-0.448937,0.352438,-0.043364,-0.000002,0.070524,1,1,0
811,21,-0.381107,0.404175,-0.029472,0.067306,0.093888,1,1,0
826,21,-0.432161,0.332797,-0.000731,-0.017479,-0.081866,1,1,0
813,21,-0.445485,0.487377,-0.117760,0.051901,-0.044529,1,0,0
802,21,-0.430073,0.334609,-0.003709,-0.001737,0.087214,1,1,0
815,21,-0.431622,0.462883,-0.058389,0.073012,0.072569,1,0,0
804,21,-0.439831,0.446715,0.043069,0.028591,0.001308,1,1,0
830,21,-0.444500,0.334350,-0.145681,-0.063502,-0.095513,1,1,0
809,21,-0.368182,0.479220,-0.017000,-0.058156,-0.013766,1,0,0
805,21,-0.368261,0.417132,-0.037108,0.041283,0.055763,1,0,0
833,21,-0.443495,0.443359,-0.025206,-0.136175,-0.066316,1,1,0
822,21,-0.557968,0.292328,-0.071119,-0.076282,-0.004556,0,1,0
831,21,-0.553512,0.290135,-0.075582,-0.032458,-0.101090,0,1,0
814,21,-0.444246,0.385043,-0.034323,-0.043618,-0.013423,1,1,0
806,21,-0.311895,0.428841,-0.082338,0.001353,0.061781,1,0,0
832,21,-0.534800,0.310372,-0.062693,-0.081401,-0.061326,1,1,0
837,21,-0.437315,0.390979,-0.080076,-0.104555,-0.033882,1,1,0
827,21,-0.566816,0.278006,-0.137650,-0.134650,-0.081625,0,1,0
820,21,-0.527612,0.313627,-0.075735,-0.018622,-0.029578,1,1,0
838,21,-0.518110,0.285983,-0.173515,-0.108986,-0.090661,0,1,0
828,21,-0.533212,0.336602,-0.059419,-0.007291,-0.035835,1,1,0
803,21,-0.465143,0.389243,-0.024216,0.054635,0.058987,1,1,0
821,21,-0.534034,0.329696,-0.091817,-0.043792,0.132834,1,1,0
854,22,-0.415033,0.423516,0.067374,0.019666,0.023920,1,1,0
870,22,-0.441511,0.280053,-0.191723,-0.080768,-0.085104,1,1,0
851,22,-0.317625,0.370508,-0.071571,0.048094,0.069886,1,0,0
841,22,-0.367292,0.410534,-0.005717,0.103990,0.072695,1,0,0
853,22,-0.418410,0.411728,0.008274,0.019975,0.030900,1,1,0
867,22,-0.399005,0.278216,-0.137079,-0.008454,-0.069399,1,1,0
859,22,-0.345251,0.473981,0.011540,0.104205,0.128626,1,0,0
874,22,-0.446607,0.345640,-0.061782,-0.037317,-0.063686,1,1,0
878,22,-0.552686,0.241434,-0.063138,-0.121931,0.133381,0,1,0
844,22,-0.456824,0.353795,0.008763,0.026518,0.105865,1,1,0
858,22,-0.438551,0.368769,-0.026437,-0.013597,-0.035412,1,1,0
845,22,-0.401563,0.455380,-0.010791,-0.069186,0.022463,1,0,0
843,22,-0.427527,0.369390,-0.018743,0.012505,0.036841,1,1,0
865,22,-0.559065,0.298598,-0.117783,-0.116411,-0.059964,0,1,0
861,22,-0.504802,0.402811,-0.079189,-0.142597,-0.148349,1,1,0
850,22,-0.422063,0.298630,-0.090881,0.040611,-0.003546,1,1,0
872,22,-0.487147,0.382683,-0.115696,-0.040440,-0.026320,1,1,0
848,22,-0.376059,0.411811,0.062704,-0.072116,0.064624,1,0,0
840,22,-0.340682,0.420547,0.005521,0.020944,-0.021688,1,0,0
875,22,-0.445922,0.220572,-0.103262,-0.095638,-0.025397,0,1,0
842,22,-0.465886,0.322984,-0.012664,0.021394,0.189616,1,1,0
866,22,-0.485112,0.376296,-0.097796,-0.045701,-0.086495,1,1,0
862,22,-0.586652,0.375543,-0.050770,-0.018977,-0.070298,0,1,0
871,22,-0.506551,0.286600,-0.095776,-0.047033,-0.097121,0,1,0
860,22,-0.485562,0.300703,-0.041254,-0.015840,-0.062196,1,1,0
849,22,-0.438771,0.383652,-0.030224,0.055489,0.109607,1,1,0
857,22,-0.447868,0.383494,0.004977,-0.074959,0.081286,1,1,0
864,22,-0.529161,0.288160,-0.128955,-0.080542,0.023098,0,1,0
856,22,-0.352834,0.425956,0.005538,0.096012,-0.043598,1,0,0
879,22,-0.597248,0.363704,-0.052970,0.032325,-0.117355,0,1,0
847,22,-0.433450,0.458520,-0.013012,-0.009778,0.050510,1,1,0
877,22,-0.548942,0.395136,-0.146008,-0.029303,-0.025786,0,1,0
869,22,-0.431419,0.333310,0.012681,-0.166274,0.014509,1,1,0
846,22,-0.464107,0.387287,0.092048,0.048112,0.093596,1,1,0
876,22,-0.588622,0.341073,-0.206639,-0.025847,0.066445,0,1,0
852,22,-0.429746,0.337953,-0.061728,0.065025,-0.030705,1,1,0
868,22,-0.628345,0.336979,-0.074024,-0.153687,0.010778,0,1,0
855,22,-0.414771,0.477814,-0.043181,0.091074,0.048797,1,0,0
873,22,-0.494695,0.363196,-0.083624,-0.095559,0.032226,1,1,0
863,22,-0.498809,0.392656,-0.071495,-0.003708,-0.073740,1,1,0
908,23,-0.409175,0.160116,-0.093644,-0.081160,0.025441,0,1,0
918,23,-0.548520,0.391139,-0.069091,-0.063416,0.010581,0,1,0
894,23,-0.428936,0.283348,-0.022075,-0.022335,0.134026,1,1,0
904,23,-0.527869,0.396783,-0.144895,0.005535,-0.166036,0,1,0
907,23,-0.458567,0.252720,-0.009961,-0.044012,-0.072322,0,1,0
890,23,-0.351724,0.357419,-0.042237,0.068342,0.027763,1,0,0
889,23,-0.396611,0.382259,0.047247,0.018174,0.079615,1,1,0
905,23,-0.549434,0.372966,-0.081810,-0.053785,0.004707,0,1,0
900,23,-0.523206,0.351258,-0.114224,0.033224,-0.074227,0,1,0
919,23,-0.501706,0.380830,-0.020429,-0.127886,-0.002111,1,1,0
913,23,-0.445796,0.283484,-0.090751,-0.040116,0.087646,1,1,0
882,23,-0.397889,0.535129,0.050164,0.088385,-0.131045,1,0,0
897,23,-0.416610,0.348600,0.020400,-0.033888,-0.023119,1,1,0
893,23,-0.308826,0.490662,0.062104,-0.033629,0.123928,1,0,0
891,23,-0.344208,0.347015,0.025282,-0.033044,0.031700,1,0,0
895,23,-0.333623,0.439883,-0.013939,0.017313,0.104183,1,0,0
883,23,-0.422709,0.372815,-0.002164,-0.021436,0.081770,1,1,0
912,23,-0.441706,0.410461,-0.125613,-0.056905,-0.009189,1,1,0
906,23,-0.515934,0.270674,-0.037384,-0.102659,-0.019449,0,1,0
910,23,-0.504261,0.285164,-0.071792,-0.026568,-0.051013,0,1,0
896,23,-0.360511,0.410356,0.026596,0.017230,0.037869,1,0,0
915,23,-0.519851,0.314012,-0.098879,-0.144338,-0.111986,0,1,0
880,23,-0.515887,0.375761,-0.013743,0.007449,0.029186,1,1,0
899,23,-0.405715,0.471897,-0.069021,0.059090,0.052234,1,0,0
884,23,-0.364235,0.368902,0.026222,0.092762,-0.044666,1,1,0
916,23,-0.506743,0.287255,-0.056845,-0.089883,-0.040146,0,1,0
914,23,-0.493000,0.306396,-0.118744,-0.137913,-0.054838,0,1,0
898,23,-0.341731,0.439738,-0.040029,0.015863,-0.002051,1,0,0
901,23,-0.516212,0.306278,-0.030391,-0.081620,-0.040310,0,1,0
909,23,-0.494384,0.295669,-0.098619,-0.038685,-0.058449,0,1,0
887,23,-0.325848,0.438614,-0.022677,-0.022071,0.017833,1,0,0
903,23,-0.446538,0.337324,-0.051133,-0.034460,0.011983,1,1,0
892,23,-0.332792,0.428879,-0.038963,0.072571,0.062006,1,0,0
886,23,-0.277282,0.334572,0.019435,-0.019073,0.029700,1,0,0
902,23,-0.446556,0.262835,-0.246205,-0.007520,-0.047662,0,1,0
885,23,-0.368015,0.393488,0.013759,-0.000566,0.078064,1,0,0
881,23,-0.241995,0.423421,-0.029451,0.150372,0.054390,1,0,0
888,23,-0.343818,0.353675,-0.055200,0.062572,0.154143,1,0,0
917,23,-0.443841,0.315834,-0.045724,-0.029850,-0.079565,1,1,0
911,23,-0.422800,0.284263,-0.073267,-0.055318,-0.156464,1,1,0
929,24,-0.368967,0.318380,0.044275,0.119383,0.084205,1,1,0
922,24,-0.395797,0.354052,-0.004293,0.110629,0.056291,1,1,0
944,24,-0.519223,0.326633,-0.145198,-0.133217,0.004849,0,1,0
948,24,-0.531127,0.260935,-0.063310,0.000879,-0.067721,0,1,0
947,24,-0.442627,0.329630,-0.137765,-0.045968,-0.058582,1,1,0
931,24,-0.420622,0.421110,-0.094600,0.073749,0.046020,1,1,0
934,24,-0.405582,0.327123,0.019712,-0.000294,0.067664,1,1,0
946,24,-0.551159,0.361931,-0.051941,-0.129649,0.043905,0,1,0
949,24,-0.499159,0.277224,-0.091640,-0.106130,-0.075376,0,1,0
943,24,-0.523717,0.375483,-0.138817,-0.077033,-0.014605,0,1,0
951,24,-0.523548,0.262725,-0.047275,-0.072581,-0.096106,0,1,0
941,24,-0.516440,0.331224,-0.076131,-0.089520,-0.087562,0,1,0
954,24,-0.364851,0.341991,-0.093463,-0.036667,-0.059549,1,1,0
939,24,-0.329716,0.382233,0.009539,-0.017733,0.117325,1,0,0
932,24,-0.418879,0.428172,0.042805,0.011994,0.056584,1,1,0
942,24,-0.456529,0.347868,-0.031379,-0.159257,0.039587,1,1,0
926,24,-0.347657,0.386409,0.019427,-0.033798,0.012492,1,0,0
936,24,-0.318951,0.335841,-0.035045,0.068855,0.055349,1,0,0
945,24,-0.468266,0.292910,-0.117149,-0.096421,-0.053579,1,1,0
928,24,-0.334329,0.355906,-0.030020,0.009954,-0.030332,1,0,0
955,24,-0.497538,0.229331,0.020331,-0.052653,-0.011262,0,1,0
923,24,-0.288183,0.417278,0.051213,0.103665,0.012127,1,0,0
935,24,-0.407564,0.416361,0.101811,-0.005014,0.085349,1,1,0
927,24,-0.256676,0.376008,0.034996,-0.020104,0.043849,1,0,0
952,24,-0.507385,0.435887,0.007509,-0.003219,-0.001956,0,1,0
958,24,-0.468806,0.350973,-0.096525,-0.054508,-0.131259,1,1,0
937,24,-0.264346,0.317517,-0.001826,0.072204,0.112533,1,0,0
921,24,-0.341443,0.315708,0.086311,0.015574,0.056562,1,0,0
925,24,-0.389851,0.362685,0.008595,0.068266,0.048780,1,1,0
950,24,-0.424263,0.335248,-0.147557,-0.078568,-0.042004,1,1,0
924,24,-0.296324,0.334295,0.028620,0.007962,0.016554,1,0,0
959,24,-0.466735,0.284224,-0.089364,0.022738,-0.055592,0,1,0
920,24,-0.345607,0.345842,-0.000854,0.019919,0.062559,1,0,0
956,24,-0.472761,0.338881,-0.278707,-0.095566,-0.025326,1,1,0
957,24,-0.536406,0.330334,-0.151550,-0.077337,-0.006154,0,1,0
933,24,-0.278955,0.379404,0.005051,-0.026237,-0.038988,1,0,0
930,24,-0.382933,0.403957,-0.007830,0.046903,0.038816,1,1,0
938,24,-0.427096,0.410639,0.090803,0.006244,0.032360,1,1,0
953,24,-0.472856,0.389718,-0.093596,-0.086347,-0.011684,1,1,0
940,24,-0.545390,0.337323,-0.110599,-0.010104,-0.085391,0,1,0
977,25,-0.326230,0.482578,-0.020586,0.056393,0.110348,1,0,0
974,25,-0.366005,0.319158,-0.022054,0.005464,0.053372,1,1,0
969,25,-0.373887,0.450854,0.018911,0.063857,0.102608,1,0,0
971,25,-0.375661,0.387856,-0.010071,-0.027487,0.032198,1,1,0
967,25,-0.414124,0.444848,0.082899,0.061959,0.113031,1,1,0
990,25,-0.453446,0.332353,-0.057552,-0.136395,0.033152,1,1,0
972,25,-0.380640,0.374113,0.008827,0.085185,0.007898,1,1,0
964,25,-0.514404,0.351411,0.021017,0.102566,0.040564,1,1,0
978,25,-0.406276,0.367405,-0.039611,0.063915,0.026922,1,1,0
966,25,-0.375984,0.401973,0.026547,0.107628,0.050187,1,1,0
987,25,-0.489258,0.408968,-0.173866,-0.050051,-0.034376,1,1,0
993,25,-0.488698,0.327882,-0.110192,-0.128788,0.004043,1,1,0
960,25,-0.417523,0.455173,-0.049006,0.031597,0.118983,1,1,0
985,25,-0.541070,0.325420,-0.176841,-0.106409,0.005381,0,1,0
970,25,-0.367035,0.332200,0.021182,0.016721,0.085307,1,1,0
984,25,-0.523913,0.360941,-0.141850,-0.031420,-0.008931,0,1,0
973,25,-0.289427,0.467309,-0.023246,0.056401,-0.020270,1,0,0
962,25,-0.451451,0.447424,0.150304,0.040435,0.083911,1,1,0
979,25,-0.353286,0.435046,0.081515,0.107304,0.083964,1,0,0
986,25,-0.517213,0.358807,-0.023987,-0.093762,-0.008804,0,1,0
976,25,-0.321109,0.402008,0.132323,0.026832,-0.023824,1,0,0
991,25,-0.490871,0.275170,-0.125269,-0.036589,-0.068975,0,1,0
999,25,-0.467441,0.360290,-0.194661,-0.115983,-0.012863,1,1,0
983,25,-0.552357,0.286817,-0.108557,-0.043863,0.031102,0,1,0
997,25,-0.508614,0.371283,-0.052248,-0.092815,-0.026260,0,1,0
980,25,-0.454285,0.336602,-0.117860,-0.078814,-0.037382,1,1,0
994,25,-0.455719,0.321193,-0.043463,-0.037091,0.020158,1,1,0
992,25,-0.581854,0.256115,-0.064095,-0.134531,0.005025,0,1,0
996,25,-0.546633,0.424948,-0.066702,-0.055121,0.027178,0,1,0
968,25,-0.330364,0.354768,-0.009911,0.019233,0.154567,1,0,0
989,25,-0.496175,0.327710,-0.069561,-0.066250,-0.034795,0,1,0
982,25,-0.460081,0.323507,-0.034161,0.066884,-0.015264,1,1,0
988,25,-0.469033,0.397727,-0.063968,-0.085655,0.018429,1,1,0
975,25,-0.308128,0.370233,0.022245,0.105697,0.100729,1,0,0
981,25,-0.478277,0.318458,-0.033181,-0.154475,0.095955,1,1,0
965,25,-0.422754,0.447322,0.078059,0.077108,0.128581,1,1,0
963,25,-0.391029,0.363622,-0.007757,-0.023653,0.108453,1,1,0
995,25,-0.484781,0.294636,-0.097888,0.016521,0.019922,0,1,0
998,25,-0.550305,0.276497,-0.113937,-0.026794,-0.050630,0,1,0
961,25,-0.482288,0.429333,0.013516,0.052967,0.117150,1,1,0
1002,26,-0.389474,0.460135,0.048039,0.069818,0.049906,1,0,0
1000,26,-0.373217,0.380357,0.076918,-0.021141,0.136246,1,1,0
1008,26,-0.338779,0.416676,-0.015166,-0.013646,0.081430,1,0,0
1017,26,-0.444926,0.441135,0.020355,-0.007056,0.102749,1,1,0